/*
 Navicat Premium Data Transfer

 Source Server         : 本地数据库
 Source Server Type    : MySQL
 Source Server Version : 50726
 Source Host           : localhost:3306
 Source Schema         : english_study_web

 Target Server Type    : MySQL
 Target Server Version : 50726
 File Encoding         : 65001

 Date: 20/04/2022 00:19:08
*/

SET NAMES utf8mb4;
SET FOREIGN_KEY_CHECKS = 0;

-- ----------------------------
-- Table structure for article
-- ----------------------------
DROP TABLE IF EXISTS `article`;
CREATE TABLE `article`  (
  `id` bigint(20) NOT NULL AUTO_INCREMENT,
  `title` varchar(255) CHARACTER SET utf8mb4 COLLATE utf8mb4_general_ci NOT NULL COMMENT '文章标题',
  `image` varchar(500) CHARACTER SET utf8mb4 COLLATE utf8mb4_general_ci NULL DEFAULT NULL COMMENT '文章封面',
  `uid` bigint(20) NOT NULL COMMENT '用户id',
  `published_time` datetime(0) NULL DEFAULT NULL COMMENT '文章发布时间',
  `content` longtext CHARACTER SET utf8mb4 COLLATE utf8mb4_general_ci NOT NULL COMMENT '文章正文',
  `description` longtext CHARACTER SET utf8mb4 COLLATE utf8mb4_general_ci NOT NULL COMMENT '描述',
  `is_published` tinyint(1) NOT NULL COMMENT '公开或私密',
  `is_comment_enabled` tinyint(1) NOT NULL COMMENT '评论开关',
  `is_top` int(20) NOT NULL COMMENT '是否置顶',
  `created_at` datetime(0) NOT NULL COMMENT '创建时间',
  `updated_at` datetime(0) NULL DEFAULT NULL COMMENT '更新时间',
  `views` int(11) NULL DEFAULT NULL COMMENT '浏览次数',
  `words` int(11) NULL DEFAULT NULL COMMENT '文章字数',
  `read_time` int(11) NULL DEFAULT NULL COMMENT '阅读时长(分钟)',
  `like_num` bigint(20) NULL DEFAULT NULL COMMENT '点赞数量',
  `categoryId` bigint(20) NULL DEFAULT NULL COMMENT '文章分类',
  `deleted_at` datetime(0) NULL DEFAULT NULL COMMENT '删除时间',
  PRIMARY KEY (`id`, `created_at`) USING BTREE,
  INDEX `type_id`(`categoryId`) USING BTREE,
  INDEX `user_id`(`uid`) USING BTREE
) ENGINE = InnoDB AUTO_INCREMENT = 52 CHARACTER SET = utf8mb4 COLLATE = utf8mb4_general_ci ROW_FORMAT = Dynamic;

-- ----------------------------
-- Records of article
-- ----------------------------
INSERT INTO `article` VALUES (1, '高性能渲染长列表(无限滚动)', '1650207395337.jpg', 14, '2022-04-17 22:56:40', '<div>\n<h2 data-id=\"heading-0\">背景</h2>\n<p>最近在公司的项目(vue)中要求展示一页显示500条数据，本以为简单的渲染出来就行了。没想到初次渲染的时间过长，在批量操作的时候更新列表也会导致页面卡顿。十分影响用户体验，本文记录了这次列表的优化过程。影响体验的主要原因是同事渲染的DOM过多，因此从这个方面入手。</p>\n<h2 data-id=\"heading-1\">原理</h2>\n<p>准备采用虚拟列表，<code>虚拟列表</code>其实是按需显示的一种实现，即只对<code>屏幕可视区域</code>进行渲染，对<code>不可见区域</code>中的数据不渲染或部分渲染的方案，从而使长列表的能高性能渲染。</p>\n<h5 data-id=\"heading-2\">假设：</h5>\n<p>一共有<code>500条</code>数据，单条数据高度为<code>10px</code>，整个列表的高度就为<code>5000px</code>，屏幕可视区域的高度为<code>100px</code></p>\n<h6 data-id=\"heading-3\">初次加载</h6>\n<p>渲染最前面的<code>10条</code>数据，其他数据隐藏 <img class=\"medium-zoom-image\" src=\"https://p6-juejin.byteimg.com/tos-cn-i-k3u1fbpfcp/973ba0db8af546569547359ab99135e6~tplv-k3u1fbpfcp-zoom-in-crop-mark:1304:0:0:0.awebp\" alt=\"QQ截图20210825142343.png\" /></p>\n<h6 data-id=\"heading-4\">发生滚动</h6>\n<p>滚动了<code>100px</code>之后，前<code>10条</code>滚动到不可见区域，<code>11-20条</code>在可见区域需要显示 <img class=\"medium-zoom-image\" src=\"https://p9-juejin.byteimg.com/tos-cn-i-k3u1fbpfcp/e835bd7acf8c405bbf258e70b7049e21~tplv-k3u1fbpfcp-zoom-in-crop-mark:1304:0:0:0.awebp\" alt=\"QQ截图20210825142433.png\" /></p>\n<h6 data-id=\"heading-5\">预渲染</h6>\n<p>为了防止滚动后出现白屏，影响体验，所以要进行<code>预渲染</code>，预留几条渲染</p>\n<p><img class=\"medium-zoom-image\" src=\"https://p1-juejin.byteimg.com/tos-cn-i-k3u1fbpfcp/8c96b7ba61714dd1b160a5d17a32a4da~tplv-k3u1fbpfcp-zoom-in-crop-mark:1304:0:0:0.awebp\" alt=\"QQ截图20210825152158.png\" /></p>\n<h2 data-id=\"heading-6\">实现</h2>\n<h5 data-id=\"heading-7\">html部分</h5>\n<ul>\n<li><code>InfiniteScrollContainer</code> 是滚动的容器</li>\n<li><code>InfiniteScrollHeight</code> 撑开容器 用于形成滚动条</li>\n<li><code>InfiniteScroll</code> 展示渲染的列表</li>\n<li><code>InfiniteScrollItem</code> 滚动列表的的单行渲染</li>\n<li><code>listHeight</code> 为所有的单行高度相加</li>\n<li><code>translateY</code> 是滚动条的偏移量</li>\n</ul>\n<pre><code class=\"hljs language-js copyable\" lang=\"js\">&lt;div @scroll=<span class=\"hljs-string\">\"scrollTops\"</span> <span class=\"hljs-class\"><span class=\"hljs-keyword\">class</span></span>=<span class=\"hljs-string\">\"InfiniteScrollContainer\"</span>&gt;\n    <span class=\"xml\"><span class=\"hljs-tag\">&lt;<span class=\"hljs-name\">div</span> <span class=\"hljs-attr\">class</span>=<span class=\"hljs-string\">\"InfiniteScrollHeight\"</span> <span class=\"hljs-attr\">:style</span>=<span class=\"hljs-string\">\"{ height: listHeight + \'px\' }\"</span>&gt;</span><span class=\"hljs-tag\">&lt;/<span class=\"hljs-name\">div</span>&gt;</span></span>\n    <span class=\"xml\"><span class=\"hljs-tag\">&lt;<span class=\"hljs-name\">div</span> <span class=\"hljs-attr\">class</span>=<span class=\"hljs-string\">\"InfiniteScroll\"</span> <span class=\"hljs-attr\">:style</span>=<span class=\"hljs-string\">\"{ transform: \'translate3d(0,\' + (renderList[0] ? renderList[0].infiniteScrollTop : 0) + \'px,0)\' }\"</span>&gt;</span>\n        <span class=\"hljs-tag\">&lt;<span class=\"hljs-name\">div</span> <span class=\"hljs-attr\">class</span>=<span class=\"hljs-string\">\"InfiniteScrollItem\"</span> <span class=\"hljs-attr\">:data-key</span>=<span class=\"hljs-string\">\"item.infiniteScrollId\"</span> <span class=\"hljs-attr\">:ref</span>=<span class=\"hljs-string\">\"\'InfiniteScrollItem\' + item.infiniteScrollId\"</span> <span class=\"hljs-attr\">v-for</span>=<span class=\"hljs-string\">\"(item, index) in renderList\"</span> <span class=\"hljs-attr\">:key</span>=<span class=\"hljs-string\">\"item.infiniteScrollId + \'_\' + item.infiniteScrollKey\"</span>&gt;</span>\n            <span class=\"hljs-tag\">&lt;<span class=\"hljs-name\">slot</span> <span class=\"hljs-attr\">:item</span>=<span class=\"hljs-string\">\"item\"</span> <span class=\"hljs-attr\">:index</span>=<span class=\"hljs-string\">\"index\"</span> /&gt;</span>\n        <span class=\"hljs-tag\">&lt;/<span class=\"hljs-name\">div</span>&gt;</span>\n    <span class=\"hljs-tag\">&lt;/<span class=\"hljs-name\">div</span>&gt;</span></span>\n&lt;/div&gt;\n<span class=\"copy-code-btn\">复制代码</span></code></pre>\n<h5 data-id=\"heading-8\">js部分</h5>\n<pre><code class=\"hljs language-js copyable\" lang=\"js\"><span class=\"hljs-keyword\">export</span> <span class=\"hljs-keyword\">default</span> {\n    <span class=\"hljs-attr\">name</span>: <span class=\"hljs-string\">\"Scroll\"</span>,\n    <span class=\"hljs-function\"><span class=\"hljs-title\">data</span>()</span> {\n        <span class=\"hljs-keyword\">return</span> {\n            <span class=\"hljs-attr\">scrollHeight</span>: <span class=\"hljs-number\">0</span>, <span class=\"hljs-comment\">// 屏幕的可视区域高度</span>\n            <span class=\"hljs-attr\">renderList</span>: [], <span class=\"hljs-comment\">// 要渲染的的列表</span>\n            <span class=\"hljs-attr\">listAll</span>: [], <span class=\"hljs-comment\">// 总列表</span>\n            <span class=\"hljs-attr\">scrollTop</span>: <span class=\"hljs-number\">0</span>, <span class=\"hljs-comment\">// 滚动了多少距离</span>\n            <span class=\"hljs-attr\">listHeight</span>: <span class=\"hljs-number\">0</span>, <span class=\"hljs-comment\">// 容器内占位的高度计算</span>\n        };\n    },\n    <span class=\"hljs-comment\">// 搭建成了组件 外部传入的数据</span>\n    <span class=\"hljs-attr\">props</span>: {\n        <span class=\"hljs-comment\">//数据列表</span>\n        <span class=\"hljs-attr\">datas</span>: {\n            <span class=\"hljs-attr\">default</span>: <span class=\"hljs-function\">() =&gt;</span> {\n                <span class=\"hljs-keyword\">return</span> [];\n            },\n            <span class=\"hljs-attr\">type</span>: <span class=\"hljs-built_in\">Array</span>,\n        },\n        <span class=\"hljs-comment\">//计算默认高度</span>\n        <span class=\"hljs-attr\">defHeight</span>: {\n            <span class=\"hljs-attr\">default</span>: <span class=\"hljs-number\">50</span>,\n            <span class=\"hljs-attr\">type</span>: <span class=\"hljs-built_in\">Number</span>,\n        },\n    },\n    <span class=\"hljs-attr\">watch</span>: {\n        <span class=\"hljs-comment\">// 传入的数据变化重新获取列表</span>\n        <span class=\"hljs-function\"><span class=\"hljs-title\">datas</span>(<span class=\"hljs-params\">v</span>)</span> {\n            <span class=\"hljs-built_in\">this</span>.init();\n        },\n    },\n    <span class=\"hljs-function\"><span class=\"hljs-title\">mounted</span>()</span> {\n        <span class=\"hljs-built_in\">this</span>.getInfiniteScrollHeight();\n        <span class=\"hljs-built_in\">this</span>.init();\n    },\n    <span class=\"hljs-attr\">methods</span>: {\n        <span class=\"hljs-comment\">// 获取可见区的高度</span>\n        <span class=\"hljs-function\"><span class=\"hljs-title\">getInfiniteScrollHeight</span>()</span> {\n            <span class=\"hljs-keyword\">if</span> (<span class=\"hljs-built_in\">document</span>.querySelector(<span class=\"hljs-string\">\".InfiniteScrollContainer\"</span>)) {\n                <span class=\"hljs-built_in\">this</span>.scrollHeight = <span class=\"hljs-built_in\">document</span>.querySelector(<span class=\"hljs-string\">\".InfiniteScrollContainer\"</span>).offsetHeight;\n            }\n        },\n        <span class=\"hljs-function\"><span class=\"hljs-title\">init</span>()</span> {\n            <span class=\"hljs-keyword\">if</span> (<span class=\"hljs-built_in\">this</span>.datas.length &gt; <span class=\"hljs-number\">0</span>) {\n                <span class=\"hljs-built_in\">this</span>.listAll = <span class=\"hljs-built_in\">JSON</span>.parse(<span class=\"hljs-built_in\">JSON</span>.stringify(<span class=\"hljs-built_in\">this</span>.datas));\n                <span class=\"hljs-keyword\">let</span> height = <span class=\"hljs-number\">0</span>;\n                <span class=\"hljs-built_in\">this</span>.listAll.forEach(<span class=\"hljs-function\">(<span class=\"hljs-params\">i, index</span>) =&gt;</span> {\n                    i.infiniteScrollId = index; <span class=\"hljs-comment\">// 存入当前行的下标</span>\n                    i.infiniteScrollKey = <span class=\"hljs-built_in\">Date</span>.parse(<span class=\"hljs-keyword\">new</span> <span class=\"hljs-built_in\">Date</span>()); <span class=\"hljs-comment\">// vue-for循环使用的唯一值</span>\n                    i.infiniteScrollTop = index === <span class=\"hljs-number\">0</span> ? <span class=\"hljs-number\">0</span> : <span class=\"hljs-built_in\">this</span>.listAll[index - <span class=\"hljs-number\">1</span>].infiniteScrollTop + <span class=\"hljs-built_in\">this</span>.listAll[index - <span class=\"hljs-number\">1</span>].infiniteScrollHeight; <span class=\"hljs-comment\">// 当前的行的距离列表顶部的距离</span>\n                    i.infiniteScrollHeight = <span class=\"hljs-built_in\">this</span>.defHeight; <span class=\"hljs-comment\">// 单行的高度</span>\n                    height += <span class=\"hljs-built_in\">this</span>.defHeight;\n                });\n                <span class=\"hljs-built_in\">this</span>.listHeight = height; <span class=\"hljs-comment\">// 列表总高</span>\n                <span class=\"hljs-built_in\">this</span>.renderList = <span class=\"hljs-built_in\">this</span>.listAll.slice(<span class=\"hljs-number\">0</span>, <span class=\"hljs-number\">30</span>); <span class=\"hljs-comment\">// 获取初始渲染的列表</span>\n            }\n        },\n        <span class=\"hljs-function\"><span class=\"hljs-title\">scrollTops</span>(<span class=\"hljs-params\">e</span>)</span> {\n            <span class=\"hljs-comment\">// 滚动超出多少距离进行计算</span>\n            <span class=\"hljs-keyword\">if</span> (<span class=\"hljs-built_in\">Math</span>.abs(e.target.scrollTop - <span class=\"hljs-built_in\">this</span>.scrollTop) &gt; <span class=\"hljs-built_in\">this</span>.defHeight) {\n                <span class=\"hljs-built_in\">this</span>.scrollTop = e.target.scrollTop;\n                <span class=\"hljs-built_in\">this</span>.getRenderList();\n            }\n        },\n        <span class=\"hljs-function\"><span class=\"hljs-title\">getRenderList</span>()</span> {\n            <span class=\"hljs-keyword\">let</span> start = <span class=\"hljs-built_in\">Math</span>.floor((<span class=\"hljs-built_in\">this</span>.scrollTop - <span class=\"hljs-number\">300</span> &gt; <span class=\"hljs-number\">0</span> ? <span class=\"hljs-built_in\">this</span>.scrollTop - <span class=\"hljs-number\">300</span> : <span class=\"hljs-number\">0</span>) / <span class=\"hljs-built_in\">this</span>.defHeight); <span class=\"hljs-comment\">// 计算渲染的开始位置  滚动区域小于300不进行预渲染</span>\n            <span class=\"hljs-keyword\">let</span> count = start + <span class=\"hljs-built_in\">Math</span>.ceil((<span class=\"hljs-built_in\">this</span>.scrollHeight + <span class=\"hljs-number\">600</span>) / <span class=\"hljs-built_in\">this</span>.defHeight); <span class=\"hljs-comment\">// 添加了上下偏移的格300像素作为预渲染</span>\n            <span class=\"hljs-built_in\">this</span>.renderList = <span class=\"hljs-built_in\">this</span>.listAll.slice(start, <span class=\"hljs-built_in\">Math</span>.min(count, <span class=\"hljs-built_in\">this</span>.listAll.length)); <span class=\"hljs-comment\">// 获取渲染的列表</span>\n        },\n        <span class=\"hljs-comment\">// 插件修改后获取数据</span>\n        <span class=\"hljs-function\"><span class=\"hljs-title\">getAllList</span>()</span> {\n            <span class=\"hljs-keyword\">let</span> list = [];\n            <span class=\"hljs-built_in\">this</span>.listAll.forEach(<span class=\"hljs-function\">(<span class=\"hljs-params\">e</span>) =&gt;</span> {\n                <span class=\"hljs-keyword\">let</span> i = <span class=\"hljs-built_in\">Object</span>.assign({}, e);\n                <span class=\"hljs-keyword\">delete</span> i.infiniteScrollId;\n                <span class=\"hljs-keyword\">delete</span> i.infiniteScrollKey;\n                <span class=\"hljs-keyword\">delete</span> i.infiniteScrollTop;\n                <span class=\"hljs-keyword\">delete</span> i.infiniteScrollHeight;\n                list.push(i);\n            });\n            <span class=\"hljs-keyword\">return</span> list;\n        },\n    },\n};\n<span class=\"copy-code-btn\">复制代码</span></code></pre>\n<h2 data-id=\"heading-9\">动态高度</h2>\n<p>上面是列表项固定高度的实现，而实际应用的时候，列表项的高度往往是由内容来决定。因此上面的方案就不适用了，要对上面的方案进行一点扩展。 展示了部分修改后的代码</p>\n<h6 data-id=\"heading-10\">获取单个的高度</h6>\n<pre><code class=\"hljs language-js copyable\" lang=\"js\"><span class=\"hljs-function\"><span class=\"hljs-title\">init</span>()</span> {\n    <span class=\"hljs-keyword\">if</span> (<span class=\"hljs-built_in\">this</span>.datas.length &gt; <span class=\"hljs-number\">0</span>) {\n        <span class=\"hljs-built_in\">this</span>.listAll = <span class=\"hljs-built_in\">JSON</span>.parse(<span class=\"hljs-built_in\">JSON</span>.stringify(<span class=\"hljs-built_in\">this</span>.datas));\n        <span class=\"hljs-comment\">//.....</span>\n        <span class=\"hljs-built_in\">this</span>.renderList = <span class=\"hljs-built_in\">this</span>.listAll.slice(<span class=\"hljs-number\">0</span>, <span class=\"hljs-number\">30</span>); <span class=\"hljs-comment\">// 获取初始渲染的列表</span>\n        <span class=\"hljs-built_in\">this</span>.$nextTick(<span class=\"hljs-function\">() =&gt;</span> {\n            <span class=\"hljs-built_in\">this</span>.renderList.forEach(<span class=\"hljs-function\">(<span class=\"hljs-params\">i</span>) =&gt;</span> {\n                <span class=\"hljs-built_in\">this</span>.renderListHeightChange(i);\n            });\n        });\n    }\n},\n<span class=\"hljs-comment\">// 列表渲染出来 获取列表的真实高度</span>\n<span class=\"hljs-function\"><span class=\"hljs-title\">renderListHeightChange</span>(<span class=\"hljs-params\">v</span>)</span> {\n    <span class=\"hljs-keyword\">if</span> (!v.hasRenderDom) {\n        <span class=\"hljs-keyword\">let</span> id = v.infiniteScrollId;\n        <span class=\"hljs-keyword\">let</span> offsetHeight = <span class=\"hljs-built_in\">this</span>.$refs[<span class=\"hljs-string\">\"InfiniteScrollItem\"</span> + id][<span class=\"hljs-number\">0</span>].offsetHeight;\n        <span class=\"hljs-built_in\">this</span>.listAll[id].infiniteScrollHeight = offsetHeight;\n        <span class=\"hljs-built_in\">this</span>.listAll[id].hasRenderDom = <span class=\"hljs-literal\">true</span>;\n        <span class=\"hljs-comment\">// 重新统计下高度 防止</span>\n        <span class=\"hljs-keyword\">for</span> (<span class=\"hljs-keyword\">let</span> i = <span class=\"hljs-number\">0</span>; i &lt; <span class=\"hljs-built_in\">this</span>.listAll.length; i++) {\n            <span class=\"hljs-keyword\">if</span> (i &gt; <span class=\"hljs-number\">0</span>) {\n                <span class=\"hljs-built_in\">this</span>.listAll[i].infiniteScrollTop = <span class=\"hljs-built_in\">this</span>.listAll[i - <span class=\"hljs-number\">1</span>].infiniteScrollTop + <span class=\"hljs-built_in\">this</span>.listAll[i - <span class=\"hljs-number\">1</span>].infiniteScrollHeight;\n            }\n        }\n    }\n},\n<span class=\"hljs-comment\">// 订单是否在可视区域</span>\n<span class=\"hljs-function\"><span class=\"hljs-title\">itemHasShow</span>(<span class=\"hljs-params\">item</span>)</span> {\n    <span class=\"hljs-keyword\">if</span> (item.infiniteScrollTop &lt; <span class=\"hljs-built_in\">this</span>.scrollTop &amp;&amp; item.infiniteScrollTop + item.infiniteScrollHeight &gt; <span class=\"hljs-built_in\">this</span>.scrollTop + <span class=\"hljs-built_in\">this</span>.scrollHeight) {\n        <span class=\"hljs-keyword\">return</span> <span class=\"hljs-literal\">true</span>;\n    } <span class=\"hljs-keyword\">else</span> <span class=\"hljs-keyword\">if</span> (item.infiniteScrollTop &gt; <span class=\"hljs-built_in\">this</span>.scrollTop &amp;&amp; item.infiniteScrollTop &lt; <span class=\"hljs-built_in\">this</span>.scrollTop + <span class=\"hljs-built_in\">this</span>.scrollHeight) {\n        <span class=\"hljs-keyword\">return</span> <span class=\"hljs-literal\">true</span>;\n    } <span class=\"hljs-keyword\">else</span> {\n        <span class=\"hljs-keyword\">return</span> item.infiniteScrollTop + item.infiniteScrollHeight &gt; <span class=\"hljs-built_in\">this</span>.scrollTop - <span class=\"hljs-number\">300</span> &amp;&amp; item.infiniteScrollTop + item.infiniteScrollHeight &lt; <span class=\"hljs-built_in\">this</span>.scrollTop + <span class=\"hljs-built_in\">this</span>.scrollHeight + <span class=\"hljs-number\">300</span>;\n    }\n},\n<span class=\"hljs-function\"><span class=\"hljs-title\">getRenderList</span>()</span> {\n    <span class=\"hljs-keyword\">for</span> (<span class=\"hljs-keyword\">let</span> i = <span class=\"hljs-number\">0</span>; i &lt; <span class=\"hljs-built_in\">this</span>.listAll.length; i++) {\n        <span class=\"hljs-keyword\">if</span> (<span class=\"hljs-built_in\">this</span>.itemHasShow(listAll[i])) {\n            <span class=\"hljs-keyword\">let</span> count = i + <span class=\"hljs-built_in\">this</span>.showCount; <span class=\"hljs-comment\">// 预估一个页面+预渲染的部分能最少展示多少条数据 prop传入</span>\n            <span class=\"hljs-built_in\">this</span>.renderList = <span class=\"hljs-built_in\">this</span>.listAll.slice(i, <span class=\"hljs-built_in\">Math</span>.min(count, <span class=\"hljs-built_in\">this</span>.listAll.length)); <span class=\"hljs-comment\">// 获取渲染的列表</span>\n            <span class=\"hljs-built_in\">this</span>.$nextTick(<span class=\"hljs-function\">() =&gt;</span> {\n                <span class=\"hljs-built_in\">this</span>.renderList.forEach(<span class=\"hljs-function\">(<span class=\"hljs-params\">i</span>) =&gt;</span> {\n                    <span class=\"hljs-built_in\">this</span>.renderListHeightChange(i);\n                });\n            });\n            <span class=\"hljs-keyword\">break</span>\n        }\n    }\n},\n<span class=\"copy-code-btn\">复制代码</span></code></pre>\n<h6 data-id=\"heading-11\">列表的总高度要变成实时计算出来的</h6>\n<pre><code class=\"hljs language-js copyable\" lang=\"js\">computed: {\n    <span class=\"hljs-comment\">// 容器内占位的高度计算</span>\n    <span class=\"hljs-function\"><span class=\"hljs-title\">listHeight</span>()</span> {\n        <span class=\"hljs-keyword\">let</span> height = <span class=\"hljs-number\">0</span>;\n        <span class=\"hljs-built_in\">this</span>.listAll.forEach(<span class=\"hljs-function\">(<span class=\"hljs-params\">i</span>) =&gt;</span> {\n            height += i.infiniteScrollHeight;\n        });\n        <span class=\"hljs-keyword\">return</span> height;\n    },\n},</code></pre>\n</div>', '高性能渲染长列表(无限滚动)', 1, 1, 26, '2022-04-17 22:57:32', '2022-04-19 23:58:23', 0, 1181, 4, 1, 18, NULL);

-- ----------------------------
-- Table structure for category
-- ----------------------------
DROP TABLE IF EXISTS `category`;
CREATE TABLE `category`  (
  `id` bigint(20) NOT NULL AUTO_INCREMENT COMMENT '分类id',
  `category_name` varchar(255) CHARACTER SET utf8mb4 COLLATE utf8mb4_general_ci NOT NULL COMMENT '分类名称',
  `created_at` datetime(0) NULL DEFAULT NULL,
  `updated_at` datetime(0) NULL DEFAULT NULL,
  `deleted_at` datetime(0) NULL DEFAULT NULL,
  PRIMARY KEY (`id`) USING BTREE
) ENGINE = InnoDB AUTO_INCREMENT = 22 CHARACTER SET = utf8mb4 COLLATE = utf8mb4_general_ci ROW_FORMAT = Dynamic;

-- ----------------------------
-- Records of category
-- ----------------------------
INSERT INTO `category` VALUES (18, '前端开发', '2022-04-17 22:53:48', '2022-04-17 22:53:48', NULL);
INSERT INTO `category` VALUES (19, '零基础', '2022-04-17 23:32:58', '2022-04-17 23:32:58', NULL);
INSERT INTO `category` VALUES (20, '进阶', '2022-04-17 23:37:10', '2022-04-17 23:37:10', NULL);
INSERT INTO `category` VALUES (21, '高级', '2022-04-17 23:37:16', '2022-04-17 23:37:16', NULL);

-- ----------------------------
-- Table structure for cms_group
-- ----------------------------
DROP TABLE IF EXISTS `cms_group`;
CREATE TABLE `cms_group`  (
  `id` int(10) UNSIGNED NOT NULL AUTO_INCREMENT,
  `name` varchar(60) CHARACTER SET utf8mb4 COLLATE utf8mb4_general_ci NOT NULL COMMENT '分组名称，例如：搬砖者',
  `info` varchar(255) CHARACTER SET utf8mb4 COLLATE utf8mb4_general_ci NULL DEFAULT NULL COMMENT '分组信息：例如：搬砖的人',
  `level` tinyint(2) NOT NULL DEFAULT 3 COMMENT '分组级别 1：root 2：guest 3：user（root、guest分组只能存在一个)',
  `create_time` datetime(3) NOT NULL DEFAULT CURRENT_TIMESTAMP(3),
  `update_time` datetime(3) NOT NULL DEFAULT CURRENT_TIMESTAMP(3) ON UPDATE CURRENT_TIMESTAMP(3),
  `delete_time` datetime(3) NULL DEFAULT NULL,
  PRIMARY KEY (`id`) USING BTREE,
  UNIQUE INDEX `name_del`(`name`, `delete_time`) USING BTREE
) ENGINE = InnoDB AUTO_INCREMENT = 10 CHARACTER SET = utf8mb4 COLLATE = utf8mb4_general_ci ROW_FORMAT = Dynamic;

-- ----------------------------
-- Records of cms_group
-- ----------------------------
INSERT INTO `cms_group` VALUES (1, 'root', '超级用户组', 1, '2020-12-22 00:35:50.235', '2020-12-22 00:35:50.235', NULL);
INSERT INTO `cms_group` VALUES (2, 'guest', '游客组', 2, '2020-12-22 00:35:50.238', '2020-12-22 00:35:50.238', NULL);
INSERT INTO `cms_group` VALUES (3, '管理员', '管理员', 3, '2021-03-22 23:32:45.000', '2021-04-13 17:20:09.000', '2021-04-13 17:20:09.000');
INSERT INTO `cms_group` VALUES (4, '内容管理员', '负责网站的日常内容管理', 3, '2021-04-13 20:29:25.000', '2021-04-13 20:29:25.000', NULL);
INSERT INTO `cms_group` VALUES (5, '测试分组', '测试分组', 3, '2021-04-19 19:09:57.000', '2021-04-21 10:43:31.000', '2021-04-21 10:43:31.000');
INSERT INTO `cms_group` VALUES (6, '测试1', '测试1', 3, '2021-04-20 11:26:38.000', '2021-04-21 10:42:56.000', '2021-04-21 10:42:56.000');
INSERT INTO `cms_group` VALUES (7, '测试111', '测试', 3, '2021-04-21 14:22:32.000', '2021-04-21 14:22:32.000', NULL);
INSERT INTO `cms_group` VALUES (8, '新的测试', '123123', 3, '2021-05-07 17:57:26.000', '2021-05-07 17:57:26.000', NULL);
INSERT INTO `cms_group` VALUES (9, '测试分组1', '111', 3, '2021-05-08 16:21:59.000', '2021-05-08 16:21:59.000', NULL);

-- ----------------------------
-- Table structure for cms_group_permission
-- ----------------------------
DROP TABLE IF EXISTS `cms_group_permission`;
CREATE TABLE `cms_group_permission`  (
  `id` int(10) UNSIGNED NOT NULL AUTO_INCREMENT,
  `group_id` int(10) UNSIGNED NOT NULL COMMENT '分组id',
  `permission_id` int(10) UNSIGNED NOT NULL COMMENT '权限id',
  PRIMARY KEY (`id`) USING BTREE,
  INDEX `group_id_permission_id`(`group_id`, `permission_id`) USING BTREE COMMENT '联合索引'
) ENGINE = InnoDB AUTO_INCREMENT = 127 CHARACTER SET = utf8mb4 COLLATE = utf8mb4_general_ci ROW_FORMAT = Dynamic;

-- ----------------------------
-- Records of cms_group_permission
-- ----------------------------
INSERT INTO `cms_group_permission` VALUES (31, 4, 22);
INSERT INTO `cms_group_permission` VALUES (32, 4, 23);
INSERT INTO `cms_group_permission` VALUES (33, 4, 24);
INSERT INTO `cms_group_permission` VALUES (34, 4, 25);
INSERT INTO `cms_group_permission` VALUES (35, 4, 26);
INSERT INTO `cms_group_permission` VALUES (36, 4, 27);
INSERT INTO `cms_group_permission` VALUES (92, 4, 41);
INSERT INTO `cms_group_permission` VALUES (93, 4, 42);
INSERT INTO `cms_group_permission` VALUES (123, 4, 46);
INSERT INTO `cms_group_permission` VALUES (124, 4, 47);
INSERT INTO `cms_group_permission` VALUES (125, 4, 48);
INSERT INTO `cms_group_permission` VALUES (126, 4, 49);
INSERT INTO `cms_group_permission` VALUES (115, 7, 22);
INSERT INTO `cms_group_permission` VALUES (116, 7, 23);
INSERT INTO `cms_group_permission` VALUES (117, 7, 24);
INSERT INTO `cms_group_permission` VALUES (118, 7, 41);
INSERT INTO `cms_group_permission` VALUES (119, 8, 22);
INSERT INTO `cms_group_permission` VALUES (120, 8, 23);
INSERT INTO `cms_group_permission` VALUES (121, 8, 24);
INSERT INTO `cms_group_permission` VALUES (122, 8, 41);
INSERT INTO `cms_group_permission` VALUES (103, 9, 25);
INSERT INTO `cms_group_permission` VALUES (104, 9, 26);
INSERT INTO `cms_group_permission` VALUES (105, 9, 27);
INSERT INTO `cms_group_permission` VALUES (106, 9, 42);

-- ----------------------------
-- Table structure for cms_log
-- ----------------------------
DROP TABLE IF EXISTS `cms_log`;
CREATE TABLE `cms_log`  (
  `id` int(10) UNSIGNED NOT NULL AUTO_INCREMENT COMMENT '日志id',
  `message` varchar(450) CHARACTER SET utf8mb4 COLLATE utf8mb4_general_ci NULL DEFAULT NULL COMMENT '操作日志信息',
  `user_id` int(10) UNSIGNED NOT NULL COMMENT '用户id',
  `username` varchar(24) CHARACTER SET utf8mb4 COLLATE utf8mb4_general_ci NULL DEFAULT NULL COMMENT '用户名',
  `status_code` int(11) NULL DEFAULT NULL COMMENT '响应状态码',
  `method` varchar(20) CHARACTER SET utf8mb4 COLLATE utf8mb4_general_ci NULL DEFAULT NULL COMMENT '请求方法',
  `path` varchar(50) CHARACTER SET utf8mb4 COLLATE utf8mb4_general_ci NULL DEFAULT NULL COMMENT '接口访问路径',
  `permission` varchar(100) CHARACTER SET utf8mb4 COLLATE utf8mb4_general_ci NULL DEFAULT NULL COMMENT '权限名称',
  `create_time` datetime(3) NOT NULL DEFAULT CURRENT_TIMESTAMP(3),
  `update_time` datetime(3) NOT NULL DEFAULT CURRENT_TIMESTAMP(3) ON UPDATE CURRENT_TIMESTAMP(3),
  `delete_time` datetime(3) NULL DEFAULT NULL,
  PRIMARY KEY (`id`) USING BTREE
) ENGINE = InnoDB AUTO_INCREMENT = 490 CHARACTER SET = utf8mb4 COLLATE = utf8mb4_general_ci ROW_FORMAT = Dynamic;

-- ----------------------------
-- Records of cms_log
-- ----------------------------
INSERT INTO `cms_log` VALUES (444, 'root修改文章内容', 1, 'root', 201, 'PUT', '/v1/article/46', '修改文章内容', '2022-04-05 13:03:32.000', '2022-04-05 13:03:32.000', NULL);
INSERT INTO `cms_log` VALUES (445, 'root修改文章内容', 1, 'root', 201, 'PUT', '/v1/article/46', '修改文章内容', '2022-04-05 13:04:34.000', '2022-04-05 13:04:34.000', NULL);
INSERT INTO `cms_log` VALUES (446, 'root新增文章', 1, 'root', 201, 'POST', '/v1/article', '新增文章', '2022-04-05 13:13:01.000', '2022-04-05 13:13:01.000', NULL);
INSERT INTO `cms_log` VALUES (447, 'root修改文章内容', 1, 'root', 201, 'PUT', '/v1/article/47', '修改文章内容', '2022-04-05 13:14:55.000', '2022-04-05 13:14:55.000', NULL);
INSERT INTO `cms_log` VALUES (448, 'root修改文章内容', 1, 'root', 201, 'PUT', '/v1/article/47', '修改文章内容', '2022-04-05 13:16:42.000', '2022-04-05 13:16:42.000', NULL);
INSERT INTO `cms_log` VALUES (449, 'root修改文章内容', 1, 'root', 201, 'PUT', '/v1/article/47', '修改文章内容', '2022-04-05 19:42:29.000', '2022-04-05 19:42:29.000', NULL);
INSERT INTO `cms_log` VALUES (450, 'root修改文章内容', 1, 'root', 201, 'PUT', '/v1/article/47', '修改文章内容', '2022-04-05 19:50:20.000', '2022-04-05 19:50:20.000', NULL);
INSERT INTO `cms_log` VALUES (451, 'yhb新增文章', 3, 'lzl', 201, 'POST', '/v1/article', '新增文章', '2022-04-05 20:11:27.000', '2022-04-16 14:15:51.352', NULL);
INSERT INTO `cms_log` VALUES (452, '管理员新建了一个用户', 1, 'root', 201, 'POST', '/cms/user/register', '', '2022-04-05 20:12:04.000', '2022-04-05 20:12:04.000', NULL);
INSERT INTO `cms_log` VALUES (453, 'yhb2新增文章', 13, 'lzl2', 201, 'POST', '/v1/article', '新增文章', '2022-04-05 20:14:18.000', '2022-04-16 14:15:47.773', NULL);
INSERT INTO `cms_log` VALUES (454, 'root修改分类内容', 1, 'root', 201, 'PUT', '/v1/category/2', '修改分类内容', '2022-04-07 21:12:54.000', '2022-04-07 21:12:54.000', NULL);
INSERT INTO `cms_log` VALUES (455, 'root修改分类内容', 1, 'root', 201, 'PUT', '/v1/category/2', '修改分类内容', '2022-04-07 21:49:58.000', '2022-04-07 21:49:58.000', NULL);
INSERT INTO `cms_log` VALUES (456, 'root新增文章', 1, 'root', 201, 'POST', '/v1/article', '新增文章', '2022-04-12 21:05:58.000', '2022-04-12 21:05:58.000', NULL);
INSERT INTO `cms_log` VALUES (457, 'root修改文章内容', 1, 'root', 201, 'PUT', '/v1/videoCourse/49', '修改文章内容', '2022-04-12 21:08:09.000', '2022-04-12 21:08:09.000', NULL);
INSERT INTO `cms_log` VALUES (458, 'root新增文章', 1, 'root', 201, 'POST', '/v1/videoCourse', '新增文章', '2022-04-13 23:34:34.000', '2022-04-13 23:34:34.000', NULL);
INSERT INTO `cms_log` VALUES (459, 'root新增文章', 1, 'root', 201, 'POST', '/v1/videoCourse', '新增文章', '2022-04-13 23:46:07.000', '2022-04-13 23:46:07.000', NULL);
INSERT INTO `cms_log` VALUES (460, 'root修改文章内容', 1, 'root', 201, 'PUT', '/v1/videoCourse/51', '修改文章内容', '2022-04-13 23:59:19.000', '2022-04-13 23:59:19.000', NULL);
INSERT INTO `cms_log` VALUES (461, 'root修改文章内容', 1, 'root', 201, 'PUT', '/v1/videoCourse/51', '修改文章内容', '2022-04-14 00:00:39.000', '2022-04-14 00:00:39.000', NULL);
INSERT INTO `cms_log` VALUES (462, 'root新增文章', 1, 'root', 201, 'POST', '/v1/videoCourse', '新增文章', '2022-04-16 14:05:01.000', '2022-04-16 14:05:01.000', NULL);
INSERT INTO `cms_log` VALUES (463, 'root修改文章内容', 1, 'root', 201, 'PUT', '/v1/videoCourse/52', '修改文章内容', '2022-04-16 14:06:03.000', '2022-04-16 14:06:03.000', NULL);
INSERT INTO `cms_log` VALUES (464, 'root修改文章内容', 1, 'root', 201, 'PUT', '/v1/videoCourse/52', '修改文章内容', '2022-04-16 14:06:19.000', '2022-04-16 14:06:19.000', NULL);
INSERT INTO `cms_log` VALUES (465, 'root修改文章内容', 1, 'root', 201, 'PUT', '/v1/videoCourse/52', '修改文章内容', '2022-04-16 14:06:58.000', '2022-04-16 14:06:58.000', NULL);
INSERT INTO `cms_log` VALUES (466, 'root修改视频课程内容', 1, 'root', 201, 'PUT', '/v1/videoCourse/52', '修改视频课程内容', '2022-04-16 14:07:29.000', '2022-04-16 14:07:29.000', NULL);
INSERT INTO `cms_log` VALUES (467, 'root删除视频课程', 1, 'root', 201, 'DELETE', '/v1/videoCourse/51', '删除视频课程', '2022-04-16 14:10:28.000', '2022-04-16 14:10:28.000', NULL);
INSERT INTO `cms_log` VALUES (468, 'root修改文章内容', 1, 'root', 201, 'PUT', '/v1/article/45', '修改文章内容', '2022-04-17 19:36:46.000', '2022-04-17 19:36:46.000', NULL);
INSERT INTO `cms_log` VALUES (469, 'root修改文章内容', 1, 'root', 201, 'PUT', '/v1/article/45', '修改文章内容', '2022-04-17 19:39:47.000', '2022-04-17 19:39:47.000', NULL);
INSERT INTO `cms_log` VALUES (470, '管理员新建了一个用户', 1, 'root', 201, 'POST', '/cms/user/register', '', '2022-04-17 22:52:54.000', '2022-04-17 22:52:54.000', NULL);
INSERT INTO `cms_log` VALUES (471, 'test1新增分类', 14, 'test1', 201, 'POST', '/v1/category', '新增分类', '2022-04-17 22:53:48.000', '2022-04-17 22:53:48.000', NULL);
INSERT INTO `cms_log` VALUES (472, 'test1新增文章', 14, 'test1', 201, 'POST', '/v1/article', '新增文章', '2022-04-17 22:57:32.000', '2022-04-17 22:57:32.000', NULL);
INSERT INTO `cms_log` VALUES (473, 'test1新增视频课程', 14, 'test1', 201, 'POST', '/v1/videoCourse', '新增视频课程', '2022-04-17 22:59:48.000', '2022-04-17 22:59:48.000', NULL);
INSERT INTO `cms_log` VALUES (474, 'test1修改视频课程内容', 14, 'test1', 201, 'PUT', '/v1/videoCourse/53', '修改视频课程内容', '2022-04-17 23:05:49.000', '2022-04-17 23:05:49.000', NULL);
INSERT INTO `cms_log` VALUES (475, 'test1新增分类', 14, 'test1', 201, 'POST', '/v1/category', '新增分类', '2022-04-17 23:32:58.000', '2022-04-17 23:32:58.000', NULL);
INSERT INTO `cms_log` VALUES (476, 'test1修改视频课程内容', 14, 'test1', 201, 'PUT', '/v1/videoCourse/53', '修改视频课程内容', '2022-04-17 23:33:14.000', '2022-04-17 23:33:14.000', NULL);
INSERT INTO `cms_log` VALUES (477, 'test1新增分类', 14, 'test1', 201, 'POST', '/v1/category', '新增分类', '2022-04-17 23:37:10.000', '2022-04-17 23:37:10.000', NULL);
INSERT INTO `cms_log` VALUES (478, 'test1新增分类', 14, 'test1', 201, 'POST', '/v1/category', '新增分类', '2022-04-17 23:37:16.000', '2022-04-17 23:37:16.000', NULL);
INSERT INTO `cms_log` VALUES (479, 'test1修改视频课程内容', 14, 'test1', 201, 'PUT', '/v1/videoCourse/52', '修改视频课程内容', '2022-04-17 23:37:43.000', '2022-04-17 23:37:43.000', NULL);
INSERT INTO `cms_log` VALUES (480, 'test1修改视频课程内容', 14, 'test1', 201, 'PUT', '/v1/videoCourse/50', '修改视频课程内容', '2022-04-17 23:37:48.000', '2022-04-17 23:37:48.000', NULL);
INSERT INTO `cms_log` VALUES (481, 'test1修改视频课程内容', 14, 'test1', 201, 'PUT', '/v1/videoCourse/50', '修改视频课程内容', '2022-04-17 23:39:49.000', '2022-04-17 23:39:49.000', NULL);
INSERT INTO `cms_log` VALUES (482, 'test1删除分类', 14, 'test1', 201, 'DELETE', '/v1/category/2', '删除分类', '2022-04-17 23:51:13.000', '2022-04-17 23:51:13.000', NULL);
INSERT INTO `cms_log` VALUES (483, 'test1删除分类', 14, 'test1', 201, 'DELETE', '/v1/category/7', '删除分类', '2022-04-17 23:51:19.000', '2022-04-17 23:51:19.000', NULL);
INSERT INTO `cms_log` VALUES (484, 'test1删除分类', 14, 'test1', 201, 'DELETE', '/v1/category/6', '删除分类', '2022-04-17 23:51:20.000', '2022-04-17 23:51:20.000', NULL);
INSERT INTO `cms_log` VALUES (485, 'test1删除分类', 14, 'test1', 201, 'DELETE', '/v1/category/8', '删除分类', '2022-04-17 23:51:23.000', '2022-04-17 23:51:23.000', NULL);
INSERT INTO `cms_log` VALUES (486, 'test1删除分类', 14, 'test1', 201, 'DELETE', '/v1/category/5', '删除分类', '2022-04-17 23:51:24.000', '2022-04-17 23:51:24.000', NULL);
INSERT INTO `cms_log` VALUES (487, 'test1删除分类', 14, 'test1', 201, 'DELETE', '/v1/category/9', '删除分类', '2022-04-17 23:51:43.000', '2022-04-17 23:51:43.000', NULL);
INSERT INTO `cms_log` VALUES (488, 'test1删除分类', 14, 'test1', 201, 'DELETE', '/v1/category/10', '删除分类', '2022-04-17 23:51:45.000', '2022-04-17 23:51:45.000', NULL);
INSERT INTO `cms_log` VALUES (489, 'test1删除分类', 14, 'test1', 201, 'DELETE', '/v1/category/11', '删除分类', '2022-04-17 23:51:46.000', '2022-04-17 23:51:46.000', NULL);

-- ----------------------------
-- Table structure for cms_permission
-- ----------------------------
DROP TABLE IF EXISTS `cms_permission`;
CREATE TABLE `cms_permission`  (
  `id` int(10) UNSIGNED NOT NULL AUTO_INCREMENT,
  `name` varchar(60) CHARACTER SET utf8mb4 COLLATE utf8mb4_general_ci NOT NULL COMMENT '权限名称，例如：访问首页',
  `module` varchar(50) CHARACTER SET utf8mb4 COLLATE utf8mb4_general_ci NOT NULL COMMENT '权限所属模块，例如：人员管理',
  `mount` tinyint(1) NOT NULL DEFAULT 1 COMMENT '0：关闭 1：开启',
  `create_time` datetime(3) NOT NULL DEFAULT CURRENT_TIMESTAMP(3),
  `update_time` datetime(3) NOT NULL DEFAULT CURRENT_TIMESTAMP(3) ON UPDATE CURRENT_TIMESTAMP(3),
  `delete_time` datetime(3) NULL DEFAULT NULL,
  PRIMARY KEY (`id`) USING BTREE
) ENGINE = InnoDB AUTO_INCREMENT = 50 CHARACTER SET = utf8mb4 COLLATE = utf8mb4_general_ci ROW_FORMAT = Dynamic;

-- ----------------------------
-- Records of cms_permission
-- ----------------------------
INSERT INTO `cms_permission` VALUES (1, '查询所有日志', '日志', 1, '2020-12-22 00:39:26.000', '2021-04-13 21:10:53.000', NULL);
INSERT INTO `cms_permission` VALUES (2, '搜索日志', '日志', 1, '2020-12-22 00:39:27.000', '2021-04-13 21:10:53.000', NULL);
INSERT INTO `cms_permission` VALUES (3, '查询日志记录的用户', '日志', 1, '2020-12-22 00:39:27.000', '2021-04-13 21:10:53.000', NULL);
INSERT INTO `cms_permission` VALUES (4, '测试日志记录', '信息', 0, '2020-12-22 00:39:27.000', '2021-03-27 19:20:26.000', NULL);
INSERT INTO `cms_permission` VALUES (5, '查看lin的信息', '信息', 0, '2020-12-22 00:39:27.000', '2021-03-27 19:20:26.000', NULL);
INSERT INTO `cms_permission` VALUES (6, '删除图书', '图书', 1, '2020-12-22 00:39:27.000', '2021-04-13 20:45:40.986', '2021-04-13 20:45:38.000');
INSERT INTO `cms_permission` VALUES (7, '新增期刊内容', '内容管理', 0, '2021-01-02 11:54:52.000', '2021-03-21 22:10:43.000', NULL);
INSERT INTO `cms_permission` VALUES (8, '修改期刊内容', '内容管理', 0, '2021-01-02 12:01:40.000', '2021-03-21 22:10:43.000', NULL);
INSERT INTO `cms_permission` VALUES (9, '删除期刊内容', '内容管理', 0, '2021-01-02 12:02:24.000', '2021-03-21 22:10:43.000', NULL);
INSERT INTO `cms_permission` VALUES (10, '新增最新期刊', '最新期刊管理', 0, '2021-01-02 15:35:23.000', '2021-03-21 22:10:43.000', NULL);
INSERT INTO `cms_permission` VALUES (11, '编辑最新期刊', '最新期刊管理', 0, '2021-01-03 00:42:01.000', '2021-03-21 22:10:43.000', NULL);
INSERT INTO `cms_permission` VALUES (12, '最新期刊内容删除', '最新期刊管理', 0, '2021-01-03 00:55:04.000', '2021-03-21 22:10:43.000', NULL);
INSERT INTO `cms_permission` VALUES (13, '新增文章', '内容管理', 0, '2021-03-19 23:22:31.000', '2021-03-22 09:41:43.000', NULL);
INSERT INTO `cms_permission` VALUES (14, '删除文章', '内容管理', 0, '2021-03-19 23:52:04.000', '2021-03-22 09:41:43.000', NULL);
INSERT INTO `cms_permission` VALUES (15, '修改文章内容', '内容管理', 0, '2021-03-19 23:56:58.000', '2021-03-22 09:41:43.000', NULL);
INSERT INTO `cms_permission` VALUES (16, '新增分类', '内容管理', 0, '2021-03-21 15:11:51.000', '2021-03-22 09:41:43.000', NULL);
INSERT INTO `cms_permission` VALUES (17, '修改分类内容', '内容管理', 0, '2021-03-21 15:11:51.000', '2021-03-22 09:41:43.000', NULL);
INSERT INTO `cms_permission` VALUES (18, '删除分类', '内容管理', 0, '2021-03-21 15:11:51.000', '2021-03-22 09:41:43.000', NULL);
INSERT INTO `cms_permission` VALUES (19, '新增听力练习', '内容管理', 0, '2021-03-21 23:34:18.000', '2021-03-22 09:41:43.000', NULL);
INSERT INTO `cms_permission` VALUES (20, '修改听力练习内容', '内容管理', 0, '2021-03-21 23:34:18.000', '2021-03-22 09:41:43.000', NULL);
INSERT INTO `cms_permission` VALUES (21, '删除听力练习', '内容管理', 0, '2021-03-21 23:34:18.000', '2021-03-22 09:41:43.000', NULL);
INSERT INTO `cms_permission` VALUES (22, '新增文章', '文章管理', 1, '2021-03-22 09:41:42.000', '2021-04-13 21:10:53.000', NULL);
INSERT INTO `cms_permission` VALUES (23, '修改文章内容', '文章管理', 1, '2021-03-22 09:41:42.000', '2021-04-13 21:10:53.000', NULL);
INSERT INTO `cms_permission` VALUES (24, '删除文章', '文章管理', 1, '2021-03-22 09:41:42.000', '2021-04-13 21:10:53.000', NULL);
INSERT INTO `cms_permission` VALUES (25, '新增分类', '分类管理', 1, '2021-03-22 09:41:42.000', '2021-04-13 21:10:53.000', NULL);
INSERT INTO `cms_permission` VALUES (26, '修改分类内容', '分类管理', 1, '2021-03-22 09:41:43.000', '2021-04-13 21:10:53.000', NULL);
INSERT INTO `cms_permission` VALUES (27, '删除分类', '分类管理', 1, '2021-03-22 09:41:43.000', '2021-04-13 21:10:53.000', NULL);
INSERT INTO `cms_permission` VALUES (28, '新增听力练习', '听力练习管理', 0, '2021-03-22 09:41:43.000', '2022-04-16 14:28:56.000', NULL);
INSERT INTO `cms_permission` VALUES (29, '修改听力练习内容', '听力练习管理', 0, '2021-03-22 09:41:43.000', '2022-04-16 14:28:56.000', NULL);
INSERT INTO `cms_permission` VALUES (30, '删除听力练习', '听力练习管理', 0, '2021-03-22 09:41:43.000', '2022-04-16 14:28:56.000', NULL);
INSERT INTO `cms_permission` VALUES (31, '新增评论', '评论管理', 0, '2021-03-26 11:57:25.000', '2021-04-13 20:50:05.346', '2021-04-13 20:50:03.000');
INSERT INTO `cms_permission` VALUES (32, '修改评论内容', '评论管理', 0, '2021-03-26 11:57:25.000', '2021-04-13 20:50:14.061', '2021-04-13 20:50:11.000');
INSERT INTO `cms_permission` VALUES (33, '删除评论', '评论管理', 0, '2021-03-26 11:57:25.000', '2021-04-13 20:50:25.091', '2021-04-13 20:50:17.000');
INSERT INTO `cms_permission` VALUES (34, '新增文章收藏', '文章收藏管理', 0, '2021-03-27 22:35:38.000', '2021-03-27 23:53:45.000', NULL);
INSERT INTO `cms_permission` VALUES (35, '修改文章收藏内容', '文章收藏管理', 0, '2021-03-27 22:35:38.000', '2021-03-27 23:53:31.000', NULL);
INSERT INTO `cms_permission` VALUES (36, '删除文章收藏', '文章收藏管理', 0, '2021-03-27 22:35:38.000', '2021-04-19 19:31:07.000', NULL);
INSERT INTO `cms_permission` VALUES (37, '新增单词', '单词管理', 0, '2021-04-02 20:48:17.000', '2022-04-16 19:32:04.000', NULL);
INSERT INTO `cms_permission` VALUES (38, '修改单词内容', '单词管理', 0, '2021-04-02 20:48:17.000', '2022-04-16 19:32:04.000', NULL);
INSERT INTO `cms_permission` VALUES (39, '删除单词', '单词管理', 0, '2021-04-02 20:48:17.000', '2022-04-16 19:32:04.000', NULL);
INSERT INTO `cms_permission` VALUES (40, '删除图书', '图书', 1, '2021-04-13 20:48:41.000', '2021-04-13 20:52:51.871', '2021-04-13 20:52:49.000');
INSERT INTO `cms_permission` VALUES (41, '查询所有文章', '文章管理', 1, '2021-04-19 19:18:31.000', '2021-04-19 19:18:31.000', NULL);
INSERT INTO `cms_permission` VALUES (42, '查询所有分类', '分类管理', 1, '2021-04-19 19:28:03.000', '2021-04-20 11:16:52.000', NULL);
INSERT INTO `cms_permission` VALUES (43, '查看所有听力', '听力练习管理', 0, '2021-04-19 19:31:07.000', '2021-04-20 16:42:32.259', '2021-04-20 16:42:29.000');
INSERT INTO `cms_permission` VALUES (44, '查看所有听力练习', '听力练习管理', 0, '2021-04-19 19:31:50.000', '2022-04-16 14:28:56.000', NULL);
INSERT INTO `cms_permission` VALUES (45, '查询所有单词', '单词管理', 0, '2021-04-19 19:33:17.000', '2022-04-16 19:32:04.000', NULL);
INSERT INTO `cms_permission` VALUES (46, '新增视频课程', '视频课程管理', 1, '2022-04-16 14:07:28.000', '2022-04-16 14:07:28.000', NULL);
INSERT INTO `cms_permission` VALUES (47, '查询所有视频课程', '视频课程管理', 1, '2022-04-16 14:07:28.000', '2022-04-16 14:07:28.000', NULL);
INSERT INTO `cms_permission` VALUES (48, '修改视频课程内容', '视频课程管理', 1, '2022-04-16 14:07:28.000', '2022-04-16 14:07:28.000', NULL);
INSERT INTO `cms_permission` VALUES (49, '删除视频课程', '视频课程管理', 1, '2022-04-16 14:07:28.000', '2022-04-16 14:07:28.000', NULL);

-- ----------------------------
-- Table structure for cms_user
-- ----------------------------
DROP TABLE IF EXISTS `cms_user`;
CREATE TABLE `cms_user`  (
  `id` int(10) UNSIGNED NOT NULL AUTO_INCREMENT,
  `username` varchar(24) CHARACTER SET utf8mb4 COLLATE utf8mb4_general_ci NOT NULL COMMENT '用户名，唯一',
  `nickname` varchar(24) CHARACTER SET utf8mb4 COLLATE utf8mb4_general_ci NULL DEFAULT NULL COMMENT '用户昵称',
  `avatar` varchar(500) CHARACTER SET utf8mb4 COLLATE utf8mb4_general_ci NULL DEFAULT NULL COMMENT '头像url',
  `email` varchar(100) CHARACTER SET utf8mb4 COLLATE utf8mb4_general_ci NULL DEFAULT NULL COMMENT '邮箱',
  `create_time` datetime(3) NOT NULL DEFAULT CURRENT_TIMESTAMP(3),
  `update_time` datetime(3) NOT NULL DEFAULT CURRENT_TIMESTAMP(3) ON UPDATE CURRENT_TIMESTAMP(3),
  `delete_time` datetime(3) NULL DEFAULT NULL,
  PRIMARY KEY (`id`) USING BTREE,
  UNIQUE INDEX `username_del`(`username`, `delete_time`) USING BTREE,
  UNIQUE INDEX `email_del`(`email`, `delete_time`) USING BTREE
) ENGINE = InnoDB AUTO_INCREMENT = 15 CHARACTER SET = utf8mb4 COLLATE = utf8mb4_general_ci ROW_FORMAT = Dynamic;

-- ----------------------------
-- Records of cms_user
-- ----------------------------
INSERT INTO `cms_user` VALUES (1, 'root', '超级管理员', '1647845960525.jpg', NULL, '2020-12-22 00:35:50.228', '2022-03-28 23:56:35.647', NULL);
INSERT INTO `cms_user` VALUES (2, '小明', NULL, NULL, NULL, '2021-01-02 11:41:14.000', '2021-01-02 11:41:14.000', NULL);
INSERT INTO `cms_user` VALUES (3, 'yhb', '内容管理员', '1618317784758.jpg', 'l13202350062@163.com', '2021-03-22 23:32:06.000', '2022-04-16 14:15:35.131', NULL);
INSERT INTO `cms_user` VALUES (4, 'ceshi', NULL, NULL, '944106568@qq.com', '2021-04-18 18:41:50.000', '2021-04-18 18:48:08.000', '2021-04-18 18:48:08.000');
INSERT INTO `cms_user` VALUES (5, 'ceshi', NULL, NULL, '944106568@qq.com', '2021-04-18 18:48:22.000', '2021-04-18 19:21:38.000', '2021-04-18 19:21:38.000');
INSERT INTO `cms_user` VALUES (6, 'ceshi', NULL, NULL, '944106568@qq.com', '2021-04-18 19:37:11.000', '2021-04-19 14:34:27.000', '2021-04-19 14:34:27.000');
INSERT INTO `cms_user` VALUES (7, 'ceshi', NULL, NULL, '944106568@qq.com', '2021-04-20 11:08:04.000', '2021-04-20 11:19:59.000', '2021-04-20 11:19:59.000');
INSERT INTO `cms_user` VALUES (8, 'ceshi', NULL, '1618917502849.jpeg', '944106568@qq.com', '2021-04-20 11:26:54.000', '2021-04-20 19:38:03.000', '2021-04-20 19:38:03.000');
INSERT INTO `cms_user` VALUES (9, 'ceshi1', 'leeAdmin', '1618918586232.jpeg', '944106569@qq.com', '2021-04-20 19:21:10.000', '2021-04-20 19:38:01.000', '2021-04-20 19:38:01.000');
INSERT INTO `cms_user` VALUES (10, 'ceshi11', NULL, NULL, '944106568@qq.com', '2021-04-21 14:23:11.000', '2021-05-04 14:53:05.000', '2021-05-04 14:53:05.000');
INSERT INTO `cms_user` VALUES (11, 'ceshi', NULL, NULL, '944106568@qq.com', '2021-05-07 17:57:12.000', '2021-05-08 16:22:19.000', '2021-05-08 16:22:19.000');
INSERT INTO `cms_user` VALUES (12, 'ceshi', NULL, NULL, '944106568@qq.com', '2021-05-08 16:22:30.000', '2021-05-08 16:22:30.000', NULL);
INSERT INTO `cms_user` VALUES (13, 'yhb2', '佚名22', NULL, NULL, '2022-04-05 20:12:04.000', '2022-04-16 14:15:40.778', NULL);
INSERT INTO `cms_user` VALUES (14, 'nrgly', '新来的内容管理员', '1650207633665.jpg', NULL, '2022-04-17 22:52:54.000', '2022-04-17 23:52:51.558', NULL);

-- ----------------------------
-- Table structure for cms_user_group
-- ----------------------------
DROP TABLE IF EXISTS `cms_user_group`;
CREATE TABLE `cms_user_group`  (
  `id` int(10) UNSIGNED NOT NULL AUTO_INCREMENT,
  `user_id` int(10) UNSIGNED NOT NULL COMMENT '用户id',
  `group_id` int(10) UNSIGNED NOT NULL COMMENT '分组id',
  PRIMARY KEY (`id`) USING BTREE,
  INDEX `user_id_group_id`(`user_id`, `group_id`) USING BTREE COMMENT '联合索引'
) ENGINE = InnoDB AUTO_INCREMENT = 23 CHARACTER SET = utf8mb4 COLLATE = utf8mb4_general_ci ROW_FORMAT = Dynamic;

-- ----------------------------
-- Records of cms_user_group
-- ----------------------------
INSERT INTO `cms_user_group` VALUES (1, 1, 1);
INSERT INTO `cms_user_group` VALUES (7, 2, 2);
INSERT INTO `cms_user_group` VALUES (16, 3, 4);
INSERT INTO `cms_user_group` VALUES (19, 12, 9);
INSERT INTO `cms_user_group` VALUES (21, 13, 8);
INSERT INTO `cms_user_group` VALUES (22, 14, 4);

-- ----------------------------
-- Table structure for cms_user_identity
-- ----------------------------
DROP TABLE IF EXISTS `cms_user_identity`;
CREATE TABLE `cms_user_identity`  (
  `id` int(10) UNSIGNED NOT NULL AUTO_INCREMENT,
  `user_id` int(10) UNSIGNED NOT NULL COMMENT '用户id',
  `identity_type` varchar(100) CHARACTER SET utf8mb4 COLLATE utf8mb4_general_ci NOT NULL COMMENT '登录类型（手机号 邮箱 用户名）或第三方应用名称（微信 微博等）',
  `identifier` varchar(100) CHARACTER SET utf8mb4 COLLATE utf8mb4_general_ci NULL DEFAULT NULL COMMENT '标识（手机号 邮箱 用户名或第三方应用的唯一标识）',
  `credential` varchar(100) CHARACTER SET utf8mb4 COLLATE utf8mb4_general_ci NULL DEFAULT NULL COMMENT '密码凭证（站内的保存密码，站外的不保存或保存token）',
  `create_time` datetime(3) NOT NULL DEFAULT CURRENT_TIMESTAMP(3),
  `update_time` datetime(3) NOT NULL DEFAULT CURRENT_TIMESTAMP(3) ON UPDATE CURRENT_TIMESTAMP(3),
  `delete_time` datetime(3) NULL DEFAULT NULL,
  PRIMARY KEY (`id`) USING BTREE
) ENGINE = InnoDB AUTO_INCREMENT = 15 CHARACTER SET = utf8mb4 COLLATE = utf8mb4_general_ci ROW_FORMAT = Dynamic;

-- ----------------------------
-- Records of cms_user_identity
-- ----------------------------
INSERT INTO `cms_user_identity` VALUES (1, 1, 'USERNAME_PASSWORD', 'root', 'sha1$13e6a034$1$29cee227b5b530e46b7ce547293546de93907e48', '2020-12-22 00:35:50.233', '2021-04-13 19:45:25.000', NULL);
INSERT INTO `cms_user_identity` VALUES (2, 2, 'USERNAME_PASSWORD', '小明', 'sha1$789526c4$1$4f58a9914565c53fc5014dd80252a30574d85bc2', '2021-01-02 11:41:14.000', '2021-01-02 11:41:14.000', NULL);
INSERT INTO `cms_user_identity` VALUES (3, 3, 'USERNAME_PASSWORD', 'yhb', 'sha1$2761d3c9$1$d71f44aaa5595c6f21638c36c50d5a02e9c3a182', '2021-03-22 23:32:07.000', '2022-04-16 14:16:33.914', NULL);
INSERT INTO `cms_user_identity` VALUES (4, 4, 'USERNAME_PASSWORD', 'ceshi', 'sha1$feb9e87d$1$346549cf3b9971200187db1206137ed354d8a33c', '2021-04-18 18:41:50.000', '2021-04-18 18:48:08.345', '2021-04-18 18:48:08.000');
INSERT INTO `cms_user_identity` VALUES (5, 5, 'USERNAME_PASSWORD', 'ceshi', 'sha1$a4200df9$1$ca990fc18c0baed40459cfd219337af44017b83b', '2021-04-18 18:48:22.000', '2021-04-18 19:21:38.447', '2021-04-18 19:21:38.000');
INSERT INTO `cms_user_identity` VALUES (6, 6, 'USERNAME_PASSWORD', 'ceshi', 'sha1$deee7a41$1$32eaaa0d4516f7a55ca429176322db3e7d049a81', '2021-04-18 19:37:11.000', '2021-04-19 14:34:27.297', '2021-04-19 14:34:27.000');
INSERT INTO `cms_user_identity` VALUES (7, 7, 'USERNAME_PASSWORD', 'ceshi', 'sha1$8e2216f7$1$27b9b94525eb83b4093e92e8f42146ab0801a5fd', '2021-04-20 11:08:04.000', '2021-04-20 11:19:59.777', '2021-04-20 11:19:59.000');
INSERT INTO `cms_user_identity` VALUES (8, 8, 'USERNAME_PASSWORD', 'ceshi', 'sha1$5316e4e1$1$dec6d19cf9c6d89e031a4efa2eaa050e591f4f62', '2021-04-20 11:26:54.000', '2021-04-20 19:38:03.359', '2021-04-20 19:38:03.000');
INSERT INTO `cms_user_identity` VALUES (9, 9, 'USERNAME_PASSWORD', 'ceshi1', 'sha1$05ce5467$1$3b296e9f9eadd403c31f6c47ddcd86f0a62571de', '2021-04-20 19:21:10.000', '2021-04-20 19:38:01.941', '2021-04-20 19:38:01.000');
INSERT INTO `cms_user_identity` VALUES (10, 10, 'USERNAME_PASSWORD', 'ceshi11', 'sha1$12fa7e74$1$eb2a8930c53598d59e6a96b95df3787365c73a89', '2021-04-21 14:23:11.000', '2021-05-04 14:53:05.697', '2021-05-04 14:53:05.000');
INSERT INTO `cms_user_identity` VALUES (11, 11, 'USERNAME_PASSWORD', 'ceshi', 'sha1$0037f5cf$1$2f078749a9058f7a1fb3897ed273d9a45f066fa4', '2021-05-07 17:57:12.000', '2021-05-08 16:22:19.166', '2021-05-08 16:22:19.000');
INSERT INTO `cms_user_identity` VALUES (12, 12, 'USERNAME_PASSWORD', 'ceshi', 'sha1$07327c6f$1$cb776fd6d0be1d3c2fead1f458e487e07b9c7df6', '2021-05-08 16:22:30.000', '2021-05-08 16:22:30.000', NULL);
INSERT INTO `cms_user_identity` VALUES (13, 13, 'USERNAME_PASSWORD', 'yhb2', 'sha1$183f0328$1$48dbb55bba57f5ba15943444286cf193cb5e7dc0', '2022-04-05 20:12:04.000', '2022-04-16 14:16:38.256', NULL);
INSERT INTO `cms_user_identity` VALUES (14, 14, 'USERNAME_PASSWORD', 'nrgly', 'sha1$e48fb64b$1$df2e3f80932c1ff812e70ff7a3da1d1c0a5952de', '2022-04-17 22:52:54.000', '2022-04-17 23:54:30.000', NULL);

-- ----------------------------
-- Table structure for comment
-- ----------------------------
DROP TABLE IF EXISTS `comment`;
CREATE TABLE `comment`  (
  `id` int(11) NOT NULL AUTO_INCREMENT COMMENT '评论id',
  `web_user_id` bigint(20) NOT NULL COMMENT '用户id',
  `content` varchar(255) CHARACTER SET utf8mb4 COLLATE utf8mb4_general_ci NOT NULL COMMENT '评论内容',
  `is_published` tinyint(1) NOT NULL COMMENT '是否公开',
  `article_id` bigint(20) NULL DEFAULT NULL COMMENT '所属的文章id',
  `parent_comment_id` bigint(20) NULL DEFAULT NULL COMMENT '父评论id，-1为根评论',
  `like_num` bigint(20) NULL DEFAULT NULL COMMENT '评论点赞数量',
  `created_at` datetime(0) NULL DEFAULT NULL,
  `updated_at` datetime(0) NULL DEFAULT NULL,
  `deleted_at` datetime(0) NULL DEFAULT NULL,
  PRIMARY KEY (`id`) USING BTREE
) ENGINE = MyISAM AUTO_INCREMENT = 72 CHARACTER SET = utf8mb4 COLLATE = utf8mb4_general_ci ROW_FORMAT = Dynamic;

-- ----------------------------
-- Records of comment
-- ----------------------------
INSERT INTO `comment` VALUES (71, 16, '测试11', 1, 1, -1, 0, '2022-04-19 23:59:35', '2022-04-19 23:59:35', NULL);

-- ----------------------------
-- Table structure for history
-- ----------------------------
DROP TABLE IF EXISTS `history`;
CREATE TABLE `history`  (
  `id` int(11) NOT NULL AUTO_INCREMENT,
  `article_id` bigint(20) NOT NULL COMMENT '文章id',
  `web_user_id` bigint(20) NOT NULL COMMENT '用户id',
  `created_at` datetime(0) NULL DEFAULT NULL,
  `updated_at` datetime(0) NULL DEFAULT NULL,
  `deleted_at` datetime(0) NULL DEFAULT NULL,
  PRIMARY KEY (`id`) USING BTREE
) ENGINE = MyISAM AUTO_INCREMENT = 12 CHARACTER SET = utf8mb4 COLLATE = utf8mb4_general_ci ROW_FORMAT = Fixed;

-- ----------------------------
-- Records of history
-- ----------------------------
INSERT INTO `history` VALUES (11, 1, 16, '2022-04-19 23:58:12', '2022-04-19 23:58:12', NULL);

-- ----------------------------
-- Table structure for listening
-- ----------------------------
DROP TABLE IF EXISTS `listening`;
CREATE TABLE `listening`  (
  `id` int(11) NOT NULL AUTO_INCREMENT,
  `title` varchar(255) CHARACTER SET utf8mb4 COLLATE utf8mb4_general_ci NOT NULL COMMENT '听力练习标题',
  `image` varchar(255) CHARACTER SET utf8mb4 COLLATE utf8mb4_general_ci NULL DEFAULT NULL COMMENT '听力练习封面',
  `description` longtext CHARACTER SET utf8mb4 COLLATE utf8mb4_general_ci NOT NULL COMMENT '听力练习描述',
  `questions` longtext CHARACTER SET utf8mb4 COLLATE utf8mb4_general_ci NOT NULL COMMENT '听力练习问题，及对应答案',
  `is_published` tinyint(1) NOT NULL COMMENT '是否发布',
  `created_at` datetime(0) NOT NULL,
  `updated_at` datetime(0) NOT NULL,
  `deleted_at` datetime(0) NULL DEFAULT NULL,
  `source` varchar(255) CHARACTER SET utf8mb4 COLLATE utf8mb4_general_ci NOT NULL COMMENT '听力mp3的url',
  `categoryId` bigint(20) NOT NULL COMMENT '分类ID',
  `answer_analysis` longtext CHARACTER SET utf8mb4 COLLATE utf8mb4_general_ci NOT NULL COMMENT '答案解释',
  PRIMARY KEY (`id`) USING BTREE
) ENGINE = MyISAM AUTO_INCREMENT = 18 CHARACTER SET = utf8mb4 COLLATE = utf8mb4_general_ci ROW_FORMAT = Dynamic;

-- ----------------------------
-- Records of listening
-- ----------------------------
INSERT INTO `listening` VALUES (6, 'CET-4 2019-12 第1套', NULL, '大学英语2019年12月听力第一套题', '[{\"title\":\"What happened in New York\'s Prospect Park on Tuesday?\",\"op1\":\"Many facilities were destroyed by a wandering cow.\",\"op2\":\"A wandering cow knocked down one of its fences.\",\"op3\":\"Some tourists were injured by a wandering cow.\",\"op4\":\"A wandering cow was captured by the police.\",\"answer\":\"D\"},{\"title\":\"What do we learn about the cow from the end of the news report?\",\"op1\":\"It was shot to death by a police officer.\",\"op2\":\"It found its way back to the park\'s zoo.\",\"op3\":\"It became a great attraction for tourists.\",\"op4\":\"It was sent to the animal control department. \",\"answer\":\"D\"},{\"title\":\"What does the news report say about the fossil hall of the National Museum of Natural History?\",\"op1\":\"It is the largest of its kind.\",\"op2\":\"It is going to be expanded. \",\"op3\":\"It is displaying more fossil specimens.\",\"op4\":\"It is starting an online exhibition.\",\"answer\":\"B\"},{\"title\":\"What is on display this week in the museum\'s resident exhibition hall?\",\"op1\":\"A collection of bird fossils from Australia.\",\"op2\":\"Photographs of certain rare fossil exhibits.\",\"op3\":\"Some ancient wall paintings from Australia. \",\"op4\":\"Pictures by winners of a wildlife photo contest.\",\"answer\":\"C\"},{\"title\":\"What have six birds been trained to do at a French historical theme park?\",\"op1\":\"Pick up trash. \",\"op2\":\"Amuse visitors.\",\"op3\":\"Deliver messages.\",\"op4\":\"Play with children.\",\"answer\":\"A\"},{\"title\":\"Why were rooks chosen by the park manager?\",\"op1\":\"They are especially intelligent. \",\"op2\":\"They are children\'s favorite.\",\"op3\":\"They are quite easy to tame.\",\"op4\":\"They are clean and pretty.\",\"answer\":\"A\"},{\"title\":\"What is the concern of some parents?\",\"op1\":\"Children may be harmed by the rooks.\",\"op2\":\"Children may be tempted to drop litter. \",\"op3\":\"Children may contract bird diseases.\",\"op4\":\"Children may overfeed the rooks.\",\"answer\":\"B\"},{\"title\":\"What do we learn about the TV show Science Nation?\",\"op1\":\"It will be produced at Harvard University.\",\"op2\":\"It will be hosted by famous professors.\",\"op3\":\"It will cover different areas of science. \",\"op4\":\"It will focus on recent scientific discoveries.\",\"answer\":\"C\"},{\"title\":\"In what way will the TV show Science Nation differ from traditional documentaries?\",\"op1\":\"It will be more futuristic.\",\"op2\":\"It will be more systematic.\",\"op3\":\"It will be more entertaining.\",\"op4\":\"It will be easier to understand.\",\"answer\":\"C\"},{\"title\":\"Who will be the intended audience of the TV show Science Nation?\",\"op1\":\"People interested in science.  \",\"op2\":\"Youngsters eager to explore.\",\"op3\":\"Children in their early teens.\",\"op4\":\"Students majoring in science.\",\"answer\":\"A\"},{\"title\":\"What does the woman want the man to do for the TV show?\",\"op1\":\"Offer professional advice.\",\"op2\":\"Provide financial support.  \",\"op3\":\"Help promote it on the Internet.\",\"op4\":\"Make episodes for its first season.\",\"answer\":\"B\"}]', 1, '2021-04-04 19:00:26', '2021-05-07 17:15:55', NULL, '1617533983172.mp3', 4, '<p>[1] New York City police captured a cow on the loose in Prospect Park on Tuesday after the animal became an attraction for tourists while walking along the streets and enjoying the park facilities. The confused creature and camera-holding humans stared at each other through a fence for several minutes. At other times the cow wandered around the 526-acre park and the artificial grass field normally used for human sporting events. Officers used soccer goals to fence the animal in. However, the cow then moved through one of the nets, knocking down a police officer in the process. Police eventually trapped the cow between two vehicles parked on either side of a baseball field\'s bench area. An officer then shot an arrow to put it to sleep. Then officers waited for the drug to take effect. After it fell asleep they loaded the cow into a horse trailer. It was not clear where the cow came from or how it got lost. [2] Police turned it over to the animal control department after they caught it.</p>\n<p>[1] 周二，纽约警方在展望公园捕获了一头四处游荡的母牛，这头母牛在沿街散步和享受公园设施的过程中吸引了大量游客。这一茫然不知所措的生物和拿着相机拍照的人类隔着栅栏互相凝视了几分钟。其他时间，这头母牛在这家占地526英亩的公园里四处游荡，在通常用于举行体育赛事的人造草地上徘徊。警察们用足球门将母牛围了起来。然而，母牛随后穿过了其中一张网，期间撞倒了一名警察。警方最终将这头母牛困在了停在棒球场板凳区两边的两辆车之间。然后，一名警察射出一支麻醉箭使母牛入睡。随后，警察静等药物生效。待母牛睡着之后，他们把母牛抬上了运马拖车。目前尚不清楚母牛来自何处以及它是怎么迷路的。[2] 警察在抓到它后将其移交给了动物管理部门。</p>\n<p>&nbsp;</p>\n<p>[3] Starting April 28 of this year, the National Museum of Natural History will begin renovating its fossil hall. The fossil hall, which displays some of the world\'s oldest and largest fossil specimens, receives more than 2 million visitors each year. It\'s one of the museum\'s most famous attractions. As a result, the museum plans to expand the hall, as well as add to its ancient birds collection. Bird lovers, both young and old, have already responded with excitement at the news. The museum\'s social media account has been flooded with messages of support. In the meantime, the current collection will be closed. However, visitors will be compensated during the closure. Museum\'s special exhibition area will now be free of charge. [4] This week, the resident exhibition is a display of ancient wall paintings on loan from Australia. They celebrate the cultural heritage of the country and will be available to view until Sunday. Next week, the exhibition will be taken over by the Wildlife Photographer of the Year Competition. The winner of this year\'s competition will be awarded a preview of the new fossil hall, as well as a cash prize.</p>\n<p>[3]从今年4月28日起，国家自然历史博物馆将开始翻新其化石馆。化石馆陈列着世界上最古老、最大的一些化石标本，每年接待200多万名游客。它是博物馆最著名的景点之一。因此，博物馆计划扩建化石馆，并增加其古代鸟类收藏。鸟类爱好者们，无论老少，都已经对这个消息感到兴奋不已。该博物馆的社交媒体账户上充斥着支持的信息。同时，当前的收藏展示将会关闭。但是，参观者将在关展期间得到补偿。博物馆的特别展区现在将免费开放。[4] 本周的驻地展是一场从澳大利亚借来的古代壁画展。古代壁画颂扬他们国家的文化遗产，该展览将一直开放至周日。下周，本展览将由年度野生动物摄影师大赛展取代。今年大赛的获胜者将获得新化石馆的预览以及现金奖励。</p>\n<p>&nbsp;</p>\n<p>[5] Six birds have just been trained to pick up rubbish at a French historical theme park. According to the park\'s manager, Mr. Villiers, the goal is not just to clear up the park. He says visitors are already good at keeping things clean. Instead, he wants to show that nature itself can teach us to take care of the environment. [6] He says that rooks, the chosen birds, are considered to be particularly intelligent. In the right circumstances, they even like to communicate with humans and establish a relationship through play. The birds will be encouraged to clean the park through the use of a small box that delivers a small amount of bird food. Each time, the rook deposits a cigarette end or a small piece of rubbish. So far, visitors to the theme park have been excited to see the birds in action. [7] However, some parents are concerned that it encourages their children to drop litter so they can watch the birds to pick it up. Villiers is not concerned about this criticism. He maintains most of the feedback he has received has been overwhelmingly positive. He hopes now to train more birds.</p>\n<p>[5] 法国一家历史主题公园刚训练了六只捡垃圾的鸟。公园经理维利尔斯先生说，目标不仅仅是清理公园。他说，游客们在保持卫生方面已经做得很好了。相反，他想证明自然本身可以教我们保护环境。[6] 他表示，白嘴鸦，就是那些被选中的鸟，被认为是特别聪明的。在适当的情况下，它们甚至喜欢与人类交流，并通过做游戏的方式和人类建立关系。人们使用一个含有少量鸟食的小盒子来激励这些鸟清理公园。白嘴鸦每次都会把烟头或一小块垃圾放进盒子里。到目前为止，主题公园的参观者看到这些鸟在清理公园时都很兴奋。[7] 然而，一些家长担心这样会怂恿他们的孩子乱扔垃圾，这样他们就可以看到鸟儿捡垃圾了。维利尔斯并不担心这种批评。他坚持认为，他收到的大多数反馈都非常积极。他希望现在能训练更多的鸟。</p>\n<p>&nbsp;</p>\n<p>W: [8]The name of the TV show we wish to produce is Science Nation.<br />M: Please tell us more. What will Science Nation be about?<br />W: It\'ll be about science, all sorts of science. Each episode will focus on a different area of science, and tell us what we know, how we know it, and what we still don\'t know. The show will have one host only, and this will be Professor Susan Paul from Harvard University. She\'s a great public speaker.<br />M: So, just to be clear, will the show\'s format be like that of a documentary?<br />W: Kind of. It\'ll be like a documentary in the sense that it\'ll be non-fiction and fact-based. [9] However, our idea is for it to be also fun and entertaining, something which traditional documentaries aren\'t so much. Please keep in mind this will be a new TV show, like nothing ever done before.<br />M: [10] Okay, so it\'ll be both educational and entertaining, and your audience will be anyone interested in science, right?<br />W: That\'s correct, yes.<br />M: Right, thank you. So, I think we\'re more or less clear what the show will be like. Could you please tell us now, what exactly you want from us?<br />W: [11] Yes, of course. Basically, what we need from you is financial support. In order to go ahead with this idea, we need 2 million dollars. This will cover the cost of making all 12 shows in the first season for the first year. If the show is a success, we can then look at making a second season for the following year.</p>\n<p>女：[8]我们想要制作的电视节目名叫《科学国度》。<br />男：请多介绍一下。《科学国度》将呈现什么内容？<br />女：节目内容与科学有关，涉及各种科学知识。每期节目将侧重科学的一个不同领域，并讲述关于我们已知的，如何得知的以及我们仍然不知道的科学知识。该节目将只有一位主持人，就是哈佛大学的苏珊&middot;保罗教授。她是一位出色的公众演说家。<br />男：那么，我想明确一下，节目的形式会像纪录片那样吗？<br />女：有点儿像。从它不是虚构的且基于事实这个意义上而言，它确实像纪录片。[9]但是，我们的想法是让节目既有趣又有娱乐性，这是传统的纪录片所没有的。请记住，这将是一个全新的电视节目，以往的电视节目中没有类似的。<br />男：[10]好的，所以，你的节目既具有教育意义又具有娱乐性，你的观众是所有对科学感兴趣的人，对吗？<br />女：对的，是这样。<br />男：好的，谢谢。那么，我想大家或多或少了解了这个节目。你现在能告诉我们你到底想从我们这里得到什么吗？<br />女：[11]是的，当然。我们主要是需要你们的资金支持。为了推进这个想法，我们需要200万美元的资金。这笔资金会用来支付第一年第一季全部12期节目的制作费用。如果节目成功，我们可以考虑在第二年制作第二季。</p>\n<p>&nbsp;</p>\n<p>W: What\'s up with you? You don\'t look very happy.<br />M: [12] I feel like I\'m a failure. I can\'t seem to do anything very well.<br />W: I wouldn\'t say that. You do very well in a lot of things. That presentation you gave last week was excellent.<br />M: [13] Yes, but I have this urge to strive for perfection. [12]I really want to push harder and progress further.<br />W: Well, that\'s very admirable. But be careful. Over concern with being perfect can damage our confidence if we never achieve it.<br />M: Yes, I know. [12]I feel awful whenever I make a mistake in whatever I\'m trying to do.<br />W: Well, think about it. You can\'t make progress without making mistakes and learning from them. Thomas Edison, the famous inventor, once said, &ldquo;I\'ve not failed. I\'ve just found 10,000 ways that won\'t work.&rdquo;<br />M: You may well be right. I guess I should recognize my mistakes and learn the lessons they teach me and move forward.<br />W: Also, remember a successful ending is not the only thing worthy of a celebration. You need to recognize each step of progress you take towards achieving your goals. And no matter how tiny it is, it\'s still good news.<br />M: [14]I always feel down when I see others accomplishing things and I feel miserable about my own achievements. I\'m always trying to be as good as others, but I never seem to get there.<br />W: Listen. If you always compare yourself with others, you\'ll never feel good enough. [15]You\'re the only person you should be comparing yourself with. When you compare your current status with the starting point, you\'ll find you\'ve made progress, right? That\'s good enough.<br />M: That\'s great advice. Thank you. I\'m feeling better already.</p>\n<p>女：你怎么了？你看起来不太开心。<br />男：[12]我觉得我是个失败者。我似乎什么事情都做不好。<br />女：我可不这么觉得。你在很多方面都做得很好。上周你的演讲非常出色。<br />男：[13]是的，但是我有追求完美的渴求。[12]我真的很想更加努力，取得更大的进步。<br />女：嗯，这非常令人钦佩。不过还是要小心一些。如果我们永远无法实现完美，那么过分在意是否完美就可能有损我们的自信心。<br />男：是的，我知道。[12]每当我在尽力做的事情中犯错时，我都觉得糟透了。<br />女：嗯，想想吧。如果从不犯错，不从错误中吸取教训，你就无法取得进步。著名发明家托马斯&middot;爱迪生曾说：&ldquo;我从来没有失败过。我只是发现了一万种行不通的方法。&rdquo;<br />男：你可能是对的。我想我应该认识到自己的错误，并从中吸取教训，然后继续前进。<br />女：另外，记住一个成功的结局并不是唯一值得庆祝的事情。你需要认识到你为实现目标所取得的每一步进展。而且不管实现的目标有多小，都依然是个好消息。<br />男：[14]当我看到别人取得成功时，我总是感到沮丧，对自己的成就感到痛苦。我一直想和别人一样优秀，但我似乎永远都无法做到。<br />女：听着。如果你总是将自己与别人进行比较，那么你永远不会觉得自己优秀。[15]你唯一应该比较的人是你自己。当你把你现在的状态和起点比较一下，你就会发现你已经取得了进步，对吧？这就够了！<br />男：这真是个好建议。谢谢你。我已经感觉好多了。</p>\n<p>&nbsp;</p>\n<p>Single-sex education can have enormous benefits for female students. Numerous studies have shown that women who attend single-sex schools tend to have stronger self-confidence, better study habits and more ambitious career goals than women who attend coeducational schools. [16] Girls who graduate from single-sex schools are three times more likely to become engineers than those who attend coeducational schools. The reason is that all-girls schools encourage women to enter fields traditionally dominated by men, such as science, technology and engineering. In coeducational schools, girls are often expected to succeed only in the humanities or the arts. [17] Research has also shown that in coeducational settings, teachers are more likely to praise and give in-depth responses to a boy\'s comments in class. In contrast, they might only respond to a girl\'s comments with a nod. They are also more likely to encourage boys to work through problems on their own, while they tend to step in and help girls who struggle with a problem.<br />In an all-girls setting, girls are more likely to speak up frequently and make significant contributions to class than in a coeducational setting. Girls studying in a single-sex setting also earn higher scores on their College Board and Advanced Placement exams than girls who study in coeducational settings. [18]All girls schools tend to be smaller than coeducational schools, which means teachers will be able to tailor the materials to girl students\' personal learning styles and interest.</p>\n<p>对于女学生而言，单一性别教育有很多好处。大量研究表明，与男女同校就读的女生相比，就读于单一性别学校的女生往往更自信、拥有更好的学习习惯和更远大的职业目标。[16] 从单一性别学校毕业的女生成为工程师的可能性是从男女同校学校毕业的女生的三倍。其原因在于女子学校鼓励女生进入传统上由男生主导的领域，如科学、技术和工程领域。在男女同校的学校里，女生往往被期望仅在人文学科或艺术方面取得成功。[17]研究还表明，在男女同校环境中，老师们在课堂上更喜欢表扬男生，并对男生的评论给予深入的回应。相比之下，对于女生的评论，他们可能只会点点头以作回应。他们也更可能鼓励男生自己解决问题，但往往会介入并帮助那些遇到问题的女生。<br />与在男女同校的环境中相比，在全是女生的环境中女生更有可能频繁大胆地表达自己的观点，并对班级作出重要贡献。在单性别环境中学习的女生在大学理事会和大学预修课程中的考试分数也比在男女同校环境中学习的女生高。[18]所有的女子学校往往都比男女同校的学校小，这意味着老师们可以根据女生的个人学习风格和兴趣因材施教。</p>\n<p>&nbsp;</p>\n<p>[19]Today I found out that Seattle doesn\'t really get that much rain compared with most U.S. cities. In fact, Seattle ranks 44th among major U.S. cities in average annual rainfall. Cities that get more rainfall than Seattle include Huston, Memphis, Nashville, and pretty much every major city on the eastern coast, such as New York, Boston, and Miami. So, why does everyone think of Seattle as a rainy city? The primary root of this misconception lies in that Seattle has a relatively large number of days per year with rainfall compared with New York and Boston, which get an average of about 16% more rain per year than Seattle, but also average between them about 36 fewer days a year of rainfall. So it rains a lot less in Seattle. [20]And the rain is spread out over more days than those cities. This is why few locals in Seattle carry an umbrella generally. When it does rain, it tends to be a very light rain that isn\'t troublesome. It almost never really rains as most people think. On top of that, it never really storms in Seattle, either. Seattle gets an average of a mere 7 days a year with thunder. [21]So in short, if you like sunny but not too hot summers, mild winters but with lots of cloudy days, Seattle\'s the place to be. Anyway, if you visit Seattle, don\'t bring an umbrella. People will look at you, thinking you are funny.</p>\n<p>[19]今天我发现和大多数美国城市相比，西雅图并没有那么多雨。事实上，西雅图的年平均降雨量在美国主要城市中排第44位。降雨量超过西雅图的城市包括休斯顿、孟菲斯、纳什维尔，以及东部沿海区几乎所有的主要城市，比如纽约、波士顿和迈阿密。那么，为什么每个人都认为西雅图是一个多雨的城市呢？这种误解的主要根源在于，与纽约和波士顿相比，西雅图每年的降雨天数相对较多，纽约和波士顿的年平均降雨量比西雅图多大约16%，但平均每年降雨天数却比西雅图少大概36天。因此，西雅图降雨更少。[20]而且西雅图雨水蔓延的天数比那些城市多。这就是为什么在西雅图一般很少有当地人带着伞。西雅图真正下雨的时候，往往下的都是细雨，不会造成麻烦。西雅图几乎从没像大家所认为的那样下过雨。除此之外，西雅图也从未下过真正意义上的暴风雨。西雅图每年平均只有7天会打雷。[21]简言之，如果你喜欢晴朗但不太热的夏天，温和但多云的冬天，西雅图就是你的好去处。不管怎样，如果你去西雅图，就不要带伞。不然人们会看着你，觉得你很奇怪。</p>\n<p>&nbsp;</p>\n<p>After tough workout or a day full of physical activity, it\'s common to find your muscles aching, but where do these pains come from? [22]According to a German professor, the soreness comes from straining your muscles in an uncommon way, for example, jumping on a bicycle for a ride, because you haven\'t ridden in a long time. Soreness occurs since your leg muscles aren\'t used to that movement. When muscles perform an activity they aren\'t regularly exposed to, the tiny fibers that are inside them are being torn apart. As muscle soreness develops, the body has to work to repair the muscle tears, but this doesn\'t happen immediately. First, the body must realize the muscles are damaged. [23]When the body realizes the muscles are hurt, the response is to increase blood flow to the area and increase body heat. Damaged cells are then cleaned up and the body sends cells specially designed to break down the large muscle fiber fragments. Healing can take place after this. It takes about a day until these cells make it to your aching muscles. That\'s why there is most often a delay associated with muscle soreness. [24] Repair of damaged cells takes about two days, and afterwards the soreness disappears. [25]Unfortunately, there is little that can be done to relieve muscle soreness. Pain relieving creams don\'t work, but a hot shower, or warm bath can provide some relief.</p>\n<p>在剧烈运动或一整天的体力活动之后，通常你会发现自己肌肉酸痛，但是这些疼痛从何而来呢？[22]据一位德国教授称，这种酸痛源于以一种不寻常的方式拉伸肌肉，比如，骑自行车，因为你已经很久没有骑过了。因为你的腿部肌肉不习惯这种动作，所以会感到酸痛。当肌肉进行一项不经常接触的活动时，它们内部的微小纤维就会被撕裂。随着肌肉酸痛的发展，身体必须努力修复肌肉纤维的撕裂，但这种情况不会立即发生。首先，身体必须意识到肌肉受到了损伤。[23]当身体意识到肌肉受伤时，其反应是增加该部位的血流量和身体的热量。然后，受损细胞被清理干净，身体会输送专门用来分解大块肌肉纤维碎片的细胞。在此之后，开始愈合。这些细胞到达你酸痛的肌肉部位大概需要一天的时间。这就是为什么肌肉酸痛通常会持续一段时间。[24]受损细胞大概需要两天时间修复，随后酸痛才会消失。[25]遗憾的是，几乎没有什么方法可以减轻肌肉酸痛。缓解疼痛的药膏不起作用，但冲个热水澡或泡个热水澡可以起到一些缓解作用。</p>\n<p>&nbsp;</p>');
INSERT INTO `listening` VALUES (7, 'CET-4 2019-12 第2套', NULL, '大学英语2019年12月听力第二套题', '[{\"title\":\"What problem is Britain facing?\",\"op1\":\"The number of male nurses has gone down.\",\"op2\":\"There is discrimination against male nurses.\",\"op3\":\"There is a growing shortage of medical personnel.\",\"op4\":\"The number of nurses has dropped to a record low.\",\"answer\":\"A\"},{\"title\":\"What is the cause of the problem according to the UK Health Secretary?\",\"op1\":\"Working conditions.\",\"op2\":\"Educational system.\",\"op3\":\"Inadequate pay.\",\"op4\":\"Cultural bias.  \",\"answer\":\"D\"},{\"title\":\"What does the news reports say about the Libyan man?\",\"op1\":\"He fell out of a lifeboat.\",\"op2\":\"He was almost drowned.  \",\"op3\":\"He lost his way on a beach.\",\"op4\":\"He enjoyed swimming in the sea.\",\"answer\":\"B\"},{\"title\":\"What did Keith Porter say at an interview?\",\"op1\":\"The lifeboats patrol the area round the clock.\",\"op2\":\"The beach is a good place to watch the tide.\",\"op3\":\"The emergency services are efficient.  \",\"op4\":\"The beach is a popular tourist resort.\",\"answer\":\"C\"},{\"title\":\"What does the news report say about the raccoon, a small cat-like animal?\",\"op1\":\"It climbed 25 storeys at one go.\",\"op2\":\"It broke into an office room.\",\"op3\":\"It escaped from a local zoo.\",\"op4\":\"It became an online star.  \",\"answer\":\"D\"},{\"title\":\"What will the wildlife management company do with the captured raccoon?\",\"op1\":\"Release it into the wild.  \",\"op2\":\"Return it to its owner.\",\"op3\":\"Send it back to the zoo.\",\"op4\":\"Give it a physical checkup.\",\"answer\":\"A\"},{\"title\":\"What did one online post say?\",\"op1\":\"A raccoon can perform acts no human can.\",\"op2\":\"A raccoon can climb much higher than a cat.\",\"op3\":\"The raccoon did something no politician could.  \",\"op4\":\"The raccoon became as famous as some politicians.\",\"answer\":\"C\"},{\"title\":\"Why is the man making the phone call?\",\"op1\":\"To confirm an urgent appointment.\",\"op2\":\"To collect a package from the woman.\",\"op3\":\"To ask the woman to sign a document.\",\"op4\":\"To arrange the delivery of a package. \",\"answer\":\"D\"},{\"title\":\"Why can’t the woman meet the man today?\",\"op1\":\"She is doing shopping.\",\"op2\":\"She is visiting a friend.\",\"op3\":\"She is not at home. \",\"op4\":\"She is not feeling well.\",\"answer\":\"C\"},{\"title\":\"Why is the man unable to see the woman tomorrow?\",\"op1\":\"He will be off duty the whole day.\",\"op2\":\"He will be working somewhere else. \",\"op3\":\"He will have to have his car repaired.\",\"op4\":\"He will be too busy to spare any time.\",\"answer\":\"B\"},{\"title\":\"What should the woman do to receive her purchase?\",\"op1\":\"Sign her name. \",\"op2\":\"Confirm online. \",\"op3\":\"Pay a small fee.\",\"op4\":\"Show up in person.\",\"answer\":\"A\"}]', 1, '2021-04-04 19:45:51', '2021-05-07 17:15:36', NULL, '1617536749758.mp3', 4, '<div class=\"col-md-7 englishtop\">\n<div class=\"col-md-7 englishtop\">\n<div class=\"col-md-7 englishtop\">&nbsp;</div>\n<div class=\"col-md-5 englishtop\">\n<div class=\"col-md-7 englishtop\">\n<p>The British government has called for more men to consider a career in nursing. [1] Figures show the number of male nurses has fallen in the last three years. Now, the number of men working in the nursing sector has reached a seven-year low. Numbers of male nurses increased between 2011 and 2014, and reached a peak of 7168. This figure has dropped to only 6924 in 2017.<br />[2] The UK Health Secretary said this is clearly a cultural problem, and probably one that exists in many parts of the world. But we can make efforts to change that now. We want to persuade males to think about career options of going into nursing. There is absolutely no reason why men can\'t go into this profession. The Health Secretary said that the government already has plans to attract a more varied workforce into nursing. She stated, &ldquo;we are leading the way on workforce planning. We will become the first nation in Europe to publish a national health and care workforce plan.&rdquo;</p>\n</div>\n<div class=\"col-md-5 englishtop\">\n<p>英国政府呼吁更多的男性考虑从事护理工作。[1] 数据显示，在过去三年里男护士的人数有所下降。现在，从事护理行业的男性人数已降至七年以来的最低水平。 2011年至2014年间，男护士人数有所增加，达到7168人的高峰水平。2017年，这一数字降至仅6924人。<br />[2] 英国卫生部长表示，这显然是一个文化问题，这个问题可能世界上许多地方都存在。但是我们现在可以努力改变这种状况。我们想说服男性考虑选择护理这个职业。完全没有理由说男性不能从事该职业。卫生部长表示，政府已经拟定计划来吸引更多样化的劳动力从事护理行业。她称：&ldquo;我们在劳动力规划方面处于领先地位。我们将成为欧洲第一个发布国家医疗保健劳动力计划的国家。&rdquo;</p>\n</div>\n<p>&nbsp;</p>\n</div>\n<p>[3] A man from Libya was enjoying a walk along the sands at Southport beach. When he was about half a mile out from the dock, he felt a bit tired. So he lay down and fell asleep, but the tide swept in quickly at the beach. And the man was shocked to wake up and find the tide had come in and completely surrounded him, cutting him off from the shore. Fortunately for him, the beach lifeguards were quickly on the scene to stop him from drowning. They acted professionally to ensure the man was comfortable until an ambulance arrived. He was then taken to hospital. He is now in a stable condition. [4] When interviewed, Keith Porter of the Southport beach said, &ldquo;our beach is so flat that it\'s very common for the tide to come around the back of people and cut them off from the beach. Thankfully the emergency services have again worked well together to ensure a positive outcome and we wish the gentleman a speedy recovery. &rdquo;</p>\n</div>\n<div class=\"col-md-5 englishtop\">\n<p>[3] 一名来自利比亚的男子在绍斯波特海滩的沙滩上散步。从码头走了约半英里后，他感到有些累。于是他躺下睡着了，但浪潮迅速席卷了海滩。男子惊醒之后，发现浪潮已经涌过来并完全包围了他，将他和海岸分离开来。他很幸运，海滩救生员迅速赶到事发地，以防止他溺水身亡。在救护车到来之前，他们采取了专业的行动，确保该男子处于舒适的状态。随后，该男子被送往医院。他现在的情况很稳定。[4] 绍斯波特海滩的基思&middot;波特在接受采访时说：&ldquo;我们的海滩太平坦了，潮水从人们背后涌来，将他们跟海滩分离开来，这是很常见的事情。值得庆幸的是，紧急救援部门再次通力协作，确保没有意外发生，我们希望这位先生早日康复。&rdquo;</p>\n<p>&nbsp;</p>\n</div>\n</div>\n<div class=\"col-md-5 englishtop\">\n<div class=\"col-md-7 englishtop\">\n<p>[5] A raccoon, a small cat-like animal climbed to the top of a 25-storey skyscraper early on Wednesday. It was captured after becoming an online star across the world.<br />At a little before 3:00 am, the animal made it to the roof of the building after it took a long break on a 17th floor window edge. At the top of the building, animal control officers put cat food in traps and captured the raccoon. [6] A private wildlife management company will release the animal into the wild.<br />The raccoon\'s upward journey began on Monday. The brown animal was spotted stuck on a narrow window edge of the office tower. On Tuesday, the raccoon slowly climbed the building. It reached the 23rd floor, and its legend continued to grow on social media with every floor it climbed. As it went up, people gathered on the sidewalk below to take photos and cheer for its safety. Online office workers posted photos and videos of the raccoon, resting on window edges and climbing up the building\'s concrete exterior. [7] One online post said that the raccoon has succeeded in uniting the country the way no politician could.</p>\n</div>\n<div class=\"col-md-5 englishtop\">\n<p>[5] 一只浣熊，一种长得像猫的小动物，于周三凌晨爬到25层高的摩天大楼的顶部。它在成为全球网络明星之后被捕获。<br />那只浣熊在17层的窗边休息了很久，之后，快到凌晨三点时它便爬到了楼顶。在楼顶，动物管理人员将猫食放在捕捉器中，然后捕获了浣熊。[6] 一家私营野生动物管理公司将把浣熊放生到野外。<br />浣熊从周一开始向上爬行。有人发现，这只棕色的浣熊被卡在办公楼狭窄的窗户边上。周二，浣熊慢慢爬上了大楼。它爬到了23楼。每爬一层楼，它的传奇故事就会在社交媒体上持续发酵。在它爬行的过程中，人们聚集在下面的人行道上拍照，并为它的安全欢呼喝彩。网络办公人员把浣熊在窗边休息然后沿着大楼的混凝土外墙攀爬的照片和视频公布到了网上。[7] 网上有一篇帖子说，浣熊以政客们无法做到的方式成功地让整个国家团结起来。</p>\n<p>&nbsp;</p>\n<div class=\"col-md-7 englishtop\">\n<p>W: [8] I have really amazing news. I just got a text message from my bank, saying my salary has been deposited in my account.<br />M: Getting paid is good. But I don\'t understand why you\'re so excited. It happens every month.<br />W: Well, I\'ve been working for a few years. In fact, I worked all through university, but I only had part-time jobs then. [8]So this is the first time I\'ve ever been paid for a month of full-time work.<br />M: Wow, then you must feel great. [9]I mean, it\'s been two decades, but I can still remember when I got my first real salary. I was happy for days. And I felt like it was a small fortune, even though it wasn\'t.<br />W: Yeah. I\'ve never earned so much money before. And there\'re so many things I\'d like to do with it. What did you do with your first pay?<br />M: [10] I bought a new suit for work and took my parents to a nice restaurant to celebrate. Maybe you could do the same.<br />W: I have enough professional clothes. And my parents are across the country, so seeing them is impossible. But some people from the office are members of a gym I want to join. And my university classmates are arranging a trip to visit our old campus, and I\'d love to go with them, but I can\'t afford both.<br />M: [11] If I were you, I\'d join the gym because it\'s a good way to stay healthy, and it might help you build a stronger relationship with your colleagues. And good relationships are key to a successful career.<br />W: [11] Hmm. You\'re right. Thanks for the advice. I\'m taking it.</p>\n</div>\n<div class=\"col-md-5 englishtop\">\n<p>女：[8] 我有个激动人心的好消息。我刚从银行收到一条短信，显示我的工资已经到账了。<br />男：发薪水当然很好了。但是我不明白你为什么这么兴奋。每个月都会发啊。<br />女：嗯，我已经工作了几年了。实际上，在整个大学期间我都在工作，但那时我只做兼职工作。[8]因此，这是我第一次拿一个月的全职工资。<br />男：哇，那你一定感觉棒极了。[9]我是说，虽然已经过去二十年了，但我仍然记得，当我拿到第一笔真正意义上的薪水时，我开心了好几天。我觉得那是一笔小小的财富，虽然实际上并没有多少钱。<br />女：是的。我以前从未赚过这么多钱。我想用这笔钱做很多事。你的第一笔薪水是怎么处置的？<br />男：[10]我买了一套工作时穿的新西装，并带我的父母去了一家不错的餐厅庆祝。也许你也可以这么做。<br />女：我的职业套装已经够多的了，而且我父母离我也特别远，所以，和他们相见是不可能的。但是办公室里有些同事是一家健身房的会员，我也想去这家健身房健身。另外，我的大学同学正在组织去参观我们之前的大学校园，我也很想和他们一起去，但是同时参加这两个活动我负担不起。<br />男：[11] 如果我是你，我会去健身房，因为这是保持健康的好方法，还可能有助于你与同事建立更牢固的关系。良好的人际关系是事业成功的关键。<br />女：[11] 嗯。你是对的。谢谢你的建议。我会采纳它的。</p>\n<div class=\"col-md-7 englishtop\">\n<p>W: What\'s going on with you lately? You seem so distracted. Like you aren\'t really listening to anything I say.<br />M: I know. I\'m sorry. [12]I can\'t seem to focus on anything, because I still haven\'t decided if I should accept the offer for that PhD program in London, or if I should take the job offer in New York.<br />W: Look, it\'s a tough decision, but you\'re running out of time, aren\'t you? I thought you said the company expected an answer by the end of the month.<br />M: Actually, it\'s the beginning of next month for the job, but the university needs a decision by the end of the week. So I have to act quickly.<br />W: [13]You definitely need advice for the important decision like this. So who have you talked to about it? What does your family think? And your advisor for your Master\'s program?<br />M: I\'ve asked their advice and that\'s part of the problem. [14]My parents want me to get the degree, but my advisor thinks it\'s time for me to get more work experience.<br />W: What do you mean by part of the problem? Oh, wait, it\'s your girlfriend, isn\'t it? You\'ve been dating since your first year of university, so that\'s six years now. She must have an opinion about all this. I mean isn\'t it time for you to think about getting married?<br />M: [15]Well, I do want to get married, but she thinks we need to wait until we\'ve launched our careers. Plus, she\'s not sure what she\'ll be doing next year. She\'s considering a job in England and one in Australia. And her parents are pushing for the latter.</p>\n</div>\n<div class=\"col-md-5 englishtop\">\n<p>女：你最近怎么了？看上去有些心不在焉。好像你根本没在听我说话。<br />男：我知道。对不起。[12]我似乎对什么事都不能集中注意力，因为我还没有决定是应该接受伦敦的博士学位的录取，还是应该接受纽约的工作邀请。<br />女：听我说，这是一个艰难的决定，但你已经没有多少时间了，不是吗？我想你说过公司希望在本月底前得到答复呢。<br />男：实际上，需要下个月初答复，但是大学那边需要我在本周末之前做好决定，所以我必须迅速做决定。<br />女：[13]像这样重要的决定，你一定要听取一下他人的建议。你都和谁谈过这件事呢？你家人是什么想法？你的硕导是什么建议呢？<br />男：我咨询了他们的建议，但这就是问题的一部分。[14]我的父母希望我获得学位，但是我的导师认为我是时候获取更多的工作经验了。<br />女：问题的一部分是什么意思？哦，等等，是说你女朋友，对吗？从大一开始，你们就一直在谈恋爱，到现在已经六年了。她肯定对这件事有自己的想法。我的意思是，你们是不是该考虑结婚了？<br />男：[15]嗯，我确实想结婚，但她认为我们需要等到开始自己的职业生涯后再结婚。另外，她不确定明年要做什么。她正在考虑到英格兰工作还是到澳大利亚工作。她的父母正催她去澳大利亚工作呢。</p>\n<p>&nbsp;</p>\n<div class=\"col-md-7 englishtop\">\n<p>[16] Analytical skills are our ability to understand and solve problems using information we have available. These skills are extremely important for our professional, social, and intellectual lives. What are the best ways to improve them? One way is to expand your worldview. Unfortunately, this takes time. Ultimately, it will help you better evaluate information and analyze different ideas and outcomes. Travelling is a great way to expand your worldview, although it can be expensive.<br />[17] An entertaining way of enhancing your analytical skills is to engage them by playing &ldquo;brain games&rdquo;. These are games that challenge you to think deeply and to develop your analytical skills. These games will get you used to thinking in a certain way. As a result, they will help improve your ability to think. However, opinions vary on whether video games are effective. The general consensus is that the best ones avoid mindless violence, and instead, focus on strategy and challenge us to solve problems and achieve broad goals.<br />[18] Joining a debate or reading club or group is also a good idea. This provides people with the opportunity to come together and discuss ideas, literature and problems. Groups like these will help you refine your analytical skills and enable you to express yourself better. Any social group that encourages free exchange of ideas and pursuit of knowledge is beneficial. It helps you to actively develop your analytical skills.</p>\n</div>\n<div class=\"col-md-5 englishtop\">\n<p>[16]分析技能是我们利用现有的信息去理解和解决问题的能力。这些技能对我们的职业、社交和精神生活都是极其重要的。提高分析技能的最好方法有哪些呢? 其中一种方法是拓宽你的世界观。遗憾的是，这需要花费时间。最终，它将帮助你更好地评估信息，以及更好地分析不同的想法和结果。旅行也是拓宽视野的一种极好的方法，尽管它可能会很贵。<br />[17]提高分析技能的一种有趣的方法是通过玩&ldquo;益智游戏&rdquo;参与其中。这些游戏挑战你深入思考的能力，培养你的分析技能。这些游戏会让你习惯以某种方式去思考。因此，它们将有助于提高你的思考能力。然而，对于电子游戏是否有效，众说纷纭。普遍的共识是，最好的游戏是避免盲目的暴力，而专注于策略，并且考验我们解决问题和实现广泛的目标的能力。<br />[18] 参加辩论、加入读书俱乐部或阅读小组也是个好主意。这给人们提供了一个聚在一起讨论想法、文学和问题的机会。这样的小组有助于你完善分析技能，让你更好地表达自己。任何鼓励自由交流观点和追求知识的社会团体都是有益的。它有助于你积极地发展你的分析技能。</p>\n<p>&nbsp;</p>\n<div class=\"col-md-7 englishtop\">\n<p>There\'s an endless amount of scientific data proving that dogs can develop strong bonds with their owners. People aren\'t kidding when they say they &ldquo;love&rdquo; their dog or their dog &ldquo;loves&rdquo; them. [19] But we\'re rather ignorant about the nature of the relationships that form between dogs.<br />In an effort to understand the matter further, I spoke with Dr. Marc Bekoff, a researcher and former professor of animal behavior. [20] The doctor\'s response to the question of whether or not dogs can fall in love like humans do was a straight &ldquo;of course!&rdquo; He went on to say that if love is defined as a long-term commitment&mdash;meaning dogs seek one another out when they\'re apart, they\'re happy when they\'re reunited, they protect one another, they feed one another, they raise their children together&mdash;[20]then, of course, dogs love each other.<br />Now our furry friends don\'t really experience &ldquo;romantic&rdquo; love, like in the movies, but they can form deep and lasting bonds with their fellow dogs as well as humans. [21] In fact, evidence shows that most dogs stay with one partner their whole lives. In actuality, love between dogs can be even more intimate than human relationships. When they interact, they aren\'t afraid to smell each other and will express themselves clearly and honestly. Once again, it seems we have a lot to learn from dogs.</p>\n</div>\n<div class=\"col-md-5 englishtop\">\n<p>有无数的科学数据证明：狗可以和它们的主人建立起牢固的关系。当人们说他们&ldquo;爱&rdquo;他们的狗或者他们的狗&ldquo;爱&rdquo;他们的时候，这些人不是在开玩笑。[19]但是，我们对狗和狗之间关系的本质却知之甚少。<br />为了进一步了解这个问题，我采访了马克&middot;贝科夫博士，他是一名动物行为研究人员和前动物行为学教授。[20]当被问及狗狗是否能和人类一样坠入爱河时，博士直接回答：&ldquo;当然!&rdquo;他接着说，如果爱被定义为一种长期的承诺&mdash;&mdash;这意味着狗狗们在分开的时候会互相寻找，团聚的时候会很开心，它们互相保护，互相喂食，一起抚养它们的幼崽&mdash;&mdash; [20]那么狗狗们当然就是彼此相爱的。<br />现在，我们的毛茸茸的朋友们并不像电影里演的那样真正去经历&ldquo;浪漫的&rdquo;爱情，但它们可以和它们的同伴以及人类建立深厚而持久的关系。[21]事实上，有证据表明，大多数狗终生都和一个伴侣在一起。实际上，狗和狗之间的爱甚至比人和人之间的关系还要亲密。当它们互动的时候，它们不会害怕去闻对方的味道，并且它们会清晰而真诚地表达自己。我再说一次，似乎有很多东西需要我们向狗狗们学习。</p>\n<div class=\"col-md-7 englishtop\">\n<p>A piece of history has been found thanks to a boy tripping on a rare, 1.2-million-year-old animal fossil. In November 2016, Jude Sparks, now 10, was on an outing with his family near their New Mexico home, [22] when he tripped over what he thought was a cow bone.<br />[23] Now, researchers at New Mexico State University are preserving this discovery, which was identified as an ancient elephant-like animal.<br />Kyle Sparks, father of Jude, said he let his son decide what to do with the fossil. So Jude reached out to Peter Houde, a professor at New Mexico State University, who had experience with the same type of fossil in the past.<br />The next day, Houde came out to see the fossil for himself. [24] Houde told ABC News that he was quite excited about the find. &ldquo;It was fortunate that the family didn\'t try to dig up the fossil because that could destroy the specimen. They did the right thing by calling someone who would know what to do. It\'s great for the community, because now everybody can appreciate it,&rdquo; he added.<br />Houde and his fellow faculty members dug up the fossil in late May. [25] They hope to return to the site with geologists for an additional search as there could be more fossils near the site. Jude and his family had been invited by the researchers to see the fossil being preserved at the university.</p>\n</div>\n<div class=\"col-md-5 englishtop\">\n<p>一个男孩在一块120万年的罕见动物化石上绊倒，由此揭开了一段历史。2016年11月，现年10岁的裘德&middot;斯帕克斯和他的家人在新墨西哥州的家附近游玩，[22]突然，他被他当时认为是一块牛骨头的东西绊倒了。<br />[23]现在，新墨西哥州立大学的研究人员正在保护这一发现，他们认定那是一种类似大象的古代动物。<br />裘德的父亲凯尔&middot;斯帕克斯说，他让儿子自己来决定如何处理这块化石。于是裘德联系了新墨西哥州立大学的教授彼得&middot;霍德，他曾经接触过同一类型的化石。<br />第二天，霍德亲自来看这块化石。[24] 霍德告诉美国广播公司，他对这一发现感到非常兴奋。&ldquo;幸运的是，这家人没有试图挖出这块化石，因为那样会破坏这一标本。他们给一个知道该怎么做的人打电话，这种做法是正确的。这对社区来说很好，因为现在每个人都能欣赏它。&rdquo;他补充道。<br />霍德和他的同事们在五月底挖出了这块化石。[25]他们希望和地质学家一起回到现场做进一步的搜寻，因为在现场附近可能会有更多的化石。裘德和他的家人应研究人员之邀，到大学里参观了这块保存完好的化石。</p>\n<p>&nbsp;</p>\n<div class=\"col-md-7 englishtop\">\n<p>W: Hi, Emma speaking, who&rsquo;s this?<br />M: Hi, Emma. I&rsquo;m Paul from Hermes Delivery Service. [8]Here&rsquo;s a package for you. Are you at home to collect it?<br />W: Oh, sorry, Paul. I am out at the moment. Can you put it in my mailbox?<br />M: I am afraid I can&rsquo;t do that. Sorry. The package is too big and it needs a signature to confirm you have received it. So I would need to deliver it at the time when you&rsquo;re in.<br />W: [9]Okay, well, I&rsquo;m out all day today. But I should be in tomorrow morning before I go out for lunch. And then I&rsquo;ll be at home again late in the afternoon. Will either of those times be convenient for you?<br />M: They are not, unfortunately. I&rsquo;m sorry. [10]I won&rsquo;t be in the area tomorrow, as I have some other deliveries to make on the other side of the town. I could come the day after, if that suits you.<br />W: Okay, yes, that should be fine. I have a friend coming round in the afternoon, but I&rsquo;ll be at home, so the day after tomorrow will be great. Do I need to pay for the package?<br />M: No, you don&rsquo;t. It says here that you paid for it when you ordered it online.<br />W: Oh, yes, I did. I got mixed up.<br />M: [11]So you just need to sign the form to say you&rsquo;ve received it.<br />W: Okay, great. See you the day after tomorrow then.<br />M: Yes, see you then.</p>\n</div>\n<div class=\"col-md-5 englishtop\">\n<p>女：嗨，我是爱玛，您是哪位？<br />男：嗨，爱玛，我是来自爱马仕快递服务公司的保罗。[8]我这里有您的一个包裹。您现在能在家收货吗？<br />女：哦，对不起，保罗，我现在不在家。你能把它放在我的信箱里吗？<br />男：恐怕我放不了，很抱歉。包裹太大了，而且还需要您签名确认您已收到包裹。所以我需要您在家的时候给您递送包裹。<br />女：[9]好的，我今天一整天都在外面。但是明天上午出门吃午饭之前我都应该在家。然后我会在下午晚些时候回家。在这两个时间段你方便送包裹吗？<br />男：很遗憾，都不行。不好意思。[10]我明天不在这个区域，因为我在城市另一边还有其他一些包裹需要递送。如果您方便，我可以后天来。<br />女：好的，可以，后天应该没问题。后天下午我有一个朋友过来，但我会待在家里，所以后天是个不错的时间。我需要付包裹的钱吗？<br />男：不，不需要。包裹上面写着您在网上下单的时候已经付过钱了。<br />女：哦，是的，我付过钱了。我弄混了。<br />男：[11]所以您只需要在表格上签名，表示收到货了。<br />女：好的，太好了。那后天见。<br />男：好的，到时候见。</p>\n<p>&nbsp;</p>\n</div>\n</div>\n</div>\n</div>\n</div>\n</div>\n</div>\n</div>');
INSERT INTO `listening` VALUES (8, 'CET-6 2019-12 第1套', NULL, '大学英语2019年12月六级听力第一套题', '[{\"title\":\"What do we learn about the woman’s store?\",\"op1\":\"It focuses exclusively on jazz. \",\"op2\":\"It sponsors major jazz concerts.\",\"op3\":\"It has several branches in London.\",\"op4\":\"It displays albums by new music talents.\",\"answer\":\"A\"},{\"title\":\"What does the man say about Jazz music?\",\"op1\":\"It originated with cowboys.\",\"op2\":\"Its market has now shrunk.  \",\"op3\":\"Its listeners are mostly young people.\",\"op4\":\"It remains as widespread as hip hop music.\",\"answer\":\"B\"},{\"title\":\"What does the woman say about Jazz?\",\"op1\":\"Its definition is varied and complicated.  \",\"op2\":\"It is still going through experimentation.\",\"op3\":\"It is frequently accompanied by singing.\",\"op4\":\"Its style has remained largely unchanged.\",\"answer\":\"A\"},{\"title\":\"What should you do to appreciate different styles of Jazz according to the woman?\",\"op1\":\"Learn to play them.\",\"op2\":\"Take music lessons.\",\"op3\":\"Listen to them yourself.  \",\"op4\":\"Consult jazz musicians.\",\"answer\":\"C\"},{\"title\":\"What did the woman do this morning?\",\"op1\":\"She paid her mortgage.\",\"op2\":\"She called on the man.\",\"op3\":\"She made a business plan.\",\"op4\":\"She went to the bank. \",\"answer\":\"D\"}]', 1, '2021-04-04 19:51:33', '2021-04-21 13:01:24', NULL, '1617537091552.mp3', 8, '<div class=\"col-md-7 englishtop\">\n<div class=\"col-md-7 englishtop\">\n<p>M: [5] How did it go at the bank this morning?<br />W: Not well. My proposal was rejected.<br />M: Really? But why?<br />W: [6] Bunch of reasons. For starters, they said my credit history was not good enough.<br />M: Do they say how you could improve that?<br />W: Yes. They said that after five more years of paying my mortgage, then I would become a more viable candidate for a business loan. But right now it\'s too risky for them to lend me money. They fear I will default on any business loan I\'m given.<br />M: Well, that doesn\'t sound fair. Your business idea is amazing. Did you show them your business plan? What did they say?<br />W: They didn\'t really articulate any position regarding the actual business plan. They simply looked at my credit history and determined it was not good enough. They said the bank has strict guidelines and requirements as to who they can lend money to. And I simply don\'t meet their financial threshold.<br />M: What if you asked for a smaller amount? [8] Maybe you could gather capital from other sources. Smaller loans from more lenders?<br />W: You don\'t get it. It doesn\'t matter the size of the loan I ask for, or the type of business I propose. That\'s all inconsequential. The first thing every bank will do is study how much money I have and how much debt I have before they decide whether or not to lend me any more money. [7] If I want to continue ahead with this dream of owning my own business, I have no other choice but to build up my own finances. I need around 20% more in personal savings and 50% less debt. That\'s all there is to it.<br />M: I see now. Well, it\'s a huge pity that they rejected your request, but don\'t lose hope. I still think that your idea is great and that you would turn it into a phenomenal success.</p>\n</div>\n<div class=\"col-md-5 englishtop\">\n<p>男：[5]今天上午去银行，事情进展如何？<br />女：不太好。我的申请被驳回了。<br />男：真的吗？但是为什么呢？<br />女：[6]有很多原因。首先，他们说我的信用记录不够好。<br />男：他们说你该如何改进了吗？<br />女：说了。他们说，在我还完五年的抵押贷款之后，才更可能有资格申请商业贷款。但是如果现在贷款给我，对他们来说风险太大了。他们担心我会无法偿还发放给我的商业贷款。<br />男：嗯，那听起来很不公平。你的创业想法令人赞叹。你给他们看你的商业计划书了吗？他们是怎么说的？<br />女：对于实际的商业计划，他们没有明确表达任何立场。他们只是看了看我的信用记录，认为我的信用记录不够好。他们表示，对于向谁放贷，银行有严格的准则和要求。而我连他们财务指标的初级要求都未满足。<br />男：如果你申请贷更少数额的钱呢？[8]也许你可以从其他渠道筹集资金。比如从更多的贷款机构那里获得小额贷款？<br />女：你没明白问题所在。这与我申请的贷款金额大小或提交的商业类型无关。这些都无关紧要。在他们决定是否放贷给我之前，每家银行首先要做的就是审查我有多少存款以及有多少债务。[7]如果我想继续实现自己创业的这个梦想，我别无选择，只能积累资产。我需要在个人储蓄账户上再存大约20%的存款，且债务要减少50%。这样就符合申请贷款的要求了。<br />男：我现在明白了。嗯，非常遗憾他们拒绝了你的请求，但不要失去希望。我仍然认为你的想法很棒，你能让它转化为巨大的成功。</p>\n</div>\n<p>M: Excuse me. Where\'s your rock music section?<br />W: Rock music? I\'m sorry, [1] we\'re a Jazz store. We don\'t have any rock and roll.<br />M: Oh, you only have Jazz music? Nothing else?<br />W: That\'s right. We\'re the only record store in London dedicated exclusively to Jazz. Actually, we\'re more than just a record store. We have a cafe and library upstairs and a ticket office down the hall where you can buy tickets to all the major Jazz concerts in the city. Also, we have our own studio next door, where we produce albums for up-and-coming artists. We are committed to fostering new music talent.<br />M: Wow! That\'s so cool. [2] I guess there\'s not much of a Jazz scene anymore, not like they used to be. But here you\'re trying to promote this great music genre.<br />W: Yes, indeed. Nowadays most people like to listen to pop and rock music. Hip hop music from America is also getting more and more popular. [3] So, as a result, there are fewer listeners of Jazz, which is a great shame because it\'s an incredibly rich genre. But that\'s not to say there isn\'t any good new Jazz music being made out there anymore, far from it. [2] It\'s just a much smaller market today.<br />M: So how would you define Jazz?<br />W: Well, interestingly enough, [3] there\'s no agreed-upon definition of Jazz. Indeed, there are many different styles of Jazz. Some have singing, but most don\'t. Some are electric and some aren\'t. Some contain live experimentation, but not always. While there\'s no simple definition for it, and while there are many different styles of Jazz, you simply know it when you hear it. [4] Honestly, the only way to know what Jazz is, is listen to it yourself. As a great trumpet player, Louis Armstrong said, &ldquo;if you gotta ask, you\'ll never know.&rdquo;</p>\n</div>\n<div class=\"col-md-5 englishtop\">\n<p>男：打扰一下。你们的摇滚乐（唱片）售卖区在哪？<br />女：摇滚乐？不好意思，[1]我们是一家爵士乐唱片店。我们店里没有摇滚乐唱片。<br />男：哦，你们这只有爵士乐唱片吗？没有其他的音乐唱片吗？<br />女：是的。我们是伦敦唯一一家爵士乐唱片专卖店。实际上，我们不仅仅是一家唱片店。我们楼上有咖啡馆和图书馆，而且在下面的大厅里有售票处，在那里你可以买到市里所有大型爵士音乐会的门票。另外，隔壁还有我们自己的工作室，我们在那里为有前途的艺术家们制作专辑。我们致力于培养新的音乐人才。<br />男：哇！这太酷了。[2]我想现在爵士乐的圈子已经不大了，不像它们过去那样。但你们还在努力推广这一重要的音乐流派。<br />女：是的，的确是这样。现在，大多数人喜欢听流行乐和摇滚乐。来自美国的嘻哈音乐也越来越受欢迎。[3]所以，结果就是，听爵士乐的人更少了，这真是太遗憾了，因为爵士乐是内容极其丰富的音乐流派。但这并不是说现在已经没有好的新爵士乐被创作出来，事实远非如此。[2]只是它现在的市场要小得多。<br />男：那么你会如何定义爵士乐？<br />女：嗯，足够有趣的是，[3]关于爵士乐，尚无大众一致认可的定义。事实上，爵士乐有很多不同的风格。有些伴随着歌唱，但大多数没有。有些有电音，有些则没有。有些包含现场实验，但也并非总是如此。虽然爵士乐没有简单的定义，并且尽管爵士乐有很多不同的风格，当你听到它的时候，就知道它是爵士乐。[4]说真的，鉴赏爵士乐的唯一方法就是亲自去听。正如伟大的小号手路易斯&middot;阿姆斯特朗所说：&ldquo;如果你只是问，你将永远不会知道。&rdquo;</p>\n<p>&nbsp;</p>\n</div>');
INSERT INTO `listening` VALUES (9, 'CET-6 2019-12 第2套', NULL, '大学英语2019年12月六级听力第二套题', '[{\"title\":\"What is the woman’s profession?\",\"op1\":\"Magazine reporter.\",\"op2\":\"Fashion designer.\",\"op3\":\"Website designer.\",\"op4\":\"Features editor. \",\"answer\":\"D\"},{\"title\":\"What is one of the woman’s main responsibilities?\",\"op1\":\"Designing sports clothing.\",\"op2\":\"Consulting fashion experts.\",\"op3\":\"Answering daily emails.  \",\"op4\":\"Interviewing job-seekers.\",\"answer\":\"C\"},{\"title\":\"What do many people think about the woman’s job?\",\"op1\":\"It is challenging.\",\"op2\":\"It is fascinatin\",\"op3\":\"It is tiresome.\",\"op4\":\"It is fashionable.\",\"answer\":\"B\"},{\"title\":\"What helped the woman to get her current position?\",\"op1\":\"Her persistence.  \",\"op2\":\"Her experience.\",\"op3\":\"Her competence.\",\"op4\":\"Her confidence.\",\"answer\":\"A\"},{\"title\":\"What does the man think of the satire Frankie he recently watched?\",\"op1\":\"It is enjoyable. \",\"op2\":\"It is educational.\",\"op3\":\"It is divorced from real life. \",\"op4\":\"It is adapted from a drama.\",\"answer\":\"A\"},{\"title\":\"What does the man say is special about the satire Frankie?\",\"op1\":\"All the roles are played by famous actors and actresses.\",\"op2\":\"It is based on the real-life experiences of some celebrities.\",\"op3\":\"Its plots and events reveal a lot about Frankie’s actual life.\",\"op4\":\"It is written, directed, edited and produced by Frankie himself.  \",\"answer\":\"D\"},{\"title\":\"What does the woman say she is going to do with the satire Frankie?\",\"op1\":\"Go to the theater and enjoy it.\",\"op2\":\"Recommend it to her friends.\",\"op3\":\"Watch it with the man.\",\"op4\":\"Download and watch it.  \",\"answer\":\"D\"},{\"title\":\"What does the woman say about the comedy The Big Bang Theory?\",\"op1\":\"It has drawn criticisms from scientists.\",\"op2\":\"It has been showing for over a decade.  \",\"op3\":\"It is a ridiculous piece of satire.\",\"op4\":\"It is against common sense.\",\"answer\":\"B\"},{\"title\":\"What does the speaker say about players of contact sports?\",\"op1\":\"They are likely to get hurt when moving too fast.\",\"op2\":\"They believe in team spirit.\",\"op3\":\"They need to keep moving to avoid getting hurt.  \",\"op4\":\"They have to learn how to avoid body contact.\",\"answer\":\"C\"},{\"title\":\"What do longevity statistics reveal about the average person?\",\"op1\":\"They do not have many years to live after retirement. \",\"op2\":\"They tend to live longer with early retirement.\",\"op3\":\"They do not start enjoying life until full retirement.\",\"op4\":\"They keep themselves busy even after retirement.\",\"answer\":\"A\"}]', 1, '2021-04-04 19:53:08', '2021-05-07 17:13:43', NULL, '1617537158490.mp3', 8, '<div class=\"col-md-7 englishtop\">\n<p>M: Today our guest is Rosie Melinda, [1] who works as a features editor for a fashion magazine. Hi, Rosie. You\'re a features editor at one of the most widely-read women\'s magazines in the UK. What kind of responsibilities does that job entail?<br />W: We spend our days looking at ideas from journalists, writing copy for the magazine and website and editing. We do random things like asking people in the street questions and testing sports clothing. We also do less tangible things like understanding what our readers want. It\'s certainly varied and sometimes bizarre.<br />M: During your working day what kind of work might you typically do?<br />W: [2] My day mainly incorporates responding to emails, writing and editing stories and coming up with new feature ideas.<br />M: How does the job of features editor differ from that of fashion editor or other editorial positions?<br />W: The features team deals with articles such as careers, reports, confidence and confessions, everything except fashion and beauty.<br />M: [3] A lot of people believe that working at a magazine is a glamorous job. Is this an accurate representation of what you do?<br />W: I\'d say it\'s glamorous to an extent, but not in the way it\'s portrayed in films. We do have our moments such as interviewing celebrities and attending parties, which is a huge thrill. Ultimately though, we\'re the same as our readers, but working in a job we\'re all very lucky to have.<br />M: Did you have to overcome any difficulties to reach this point in your career? How did you manage to do this?<br />W: [4] I had to be really persistent and it was very hard work. After three years of working in a petrol station and doing unpaid work I still hadn\'t managed to get an entry level job. I was lucky that my last desperate attempt led to a job. I told myself that all experiences make you a better journalist in the long run and luckily, I was right.</p>\n</div>\n<div class=\"col-md-5 englishtop\">\n<p>男：今天我们的嘉宾是罗西&middot;梅琳达，[1] 她是一家时尚杂志的专题编辑。你好，罗西。作为英国发行量最大的女性杂志之一的专题编辑，你做这份工作需要承担什么样的职责?<br />女：我们每天都在研究记者的想法，为杂志和网站撰写稿件，并进行编辑。我们会随机做一些事情，比如询问街上的行人一些问题，或者测试运动服装。我们也会做一些不那么明显的事情，比如了解读者的需求。需求当然是多种多样的，有时甚至很离奇。<br />男：在你的工作时间里，你通常做什么工作?<br />女：[2]我一天的工作主要是回复邮件，撰写和编辑故事，想一些新的专题构想。<br />男：专题编辑的工作与时尚编辑或其他编辑职位有什么不同呢?<br />女：我们这个专题团队负责处理职业、报告、信心和一些自白类的文章。几乎是除了时尚和美丽之外的所有类的文章。<br />男：[3]很多人认为杂志社的工作是一份富有魅力的工作。这是对你工作的准确描述吗?<br />女：我想说它在某种程度上是迷人的，但并不像电影里描绘的那样。我们确实有这样的时刻，比如采访名人和参加派对，这是令人兴奋的经历。但是最终，我们和我们的读者是一样的，不过拥有这份工作我们都觉得很幸运。<br />男：在你的职业生涯中，你必须克服一切困难才能达到目前这个阶段吗? 你是怎么做到的?<br />女：[4]我必须非常执着，这是一份非常辛苦的工作。我在加油站工作了三年，又做了一些没有报酬的工作之后，还是没有找到一份入门级的工作。我很幸运，最后一次孤注一掷的尝试终于找到了工作。我告诉自己，从长远来看，所有的经历都会让你成为一名更好的新闻工作者。幸运的是，我是对的。</p>\n<p>&nbsp;</p>\n<div class=\"col-md-7 englishtop\">\n<p>W: Are you watching any good shows these days?<br />M: Actually, yes. [5] I\'m watching a great satire called Frankie. I think you\'d like it.<br />W: Really? What\'s it about?<br />M: It\'s about a real guy named Frankie. He is a famous comedian in New York and the show is a mixture of comedy and drama loosely depicting his life.<br />W: I\'m sorry. Do you mean to say, it\'s a real-life series about a real person? It\'s non-fiction, is it?<br />M: No&hellip; Not really, no. It\'s fiction, as what happens in every episode is made up. However, the lead role is a comedian by the name of Frankie, and he plays himself. So Frankie in both real life and in the TV show lives in New York City, is a comic, is divorced, and has two little daughters. All those things are true, but aside from him, all his friends and family are played by actors. And the plots and the events that take place are also invented.<br />W: Oh, I think I see now. That sounds like a very original concept.<br />M: Yes, it is. In fact, [6] the whole show is written, directed, edited and produced by him, and [5] is very funny and has won many awards.<br />W: That\'s cool. [7] I will try to download it. I\'m watching a comedy called The Big Bang Theory. It\'s a huge hit around the world.<br />M: Oh, yes. I\'ve heard of it, but never actually watched it.<br />W: Well, then you should check it out. It\'s also very funny. It\'s about four male scientists and a female waitress. The men are very socially awkward but very bright. And this is contrasted by the lady\'s social skills and common sense. [8] The show has been running for over ten years, and some of the actors are practically global superstars. Now that they are such famous celebrities.</p>\n</div>\n<div class=\"col-md-5 englishtop\">\n<p>女：这些天你在看什么好节目吗?<br />男：事实上，是的。[5]我正在看一部超棒的讽刺剧，名叫《弗兰基》。我想你会喜欢的。<br />女：真的吗? 它是关于什么的?<br />男：是关于一个现实中名叫弗兰基的男人的。他是纽约一位著名的喜剧演员，这部剧是喜剧和戏剧的结合体，大致描绘了他的生活。<br />女：抱歉，你的意思是说，这是一部关于真人的真实系列剧吗? 它是非小说类的纪实片，对吧?<br />男：不，不，也不完全是。它是虚构的，因为每一集发生的事情都是虚构的。但是，主角是一位名叫弗兰基的喜剧演员，他就扮演他自己。所以呢，弗兰基在现实生活中和电视节目中都住在纽约，是一位喜剧演员，离过婚，有两个年纪尚小的女儿。所有这些事情都是真的，但除了他，他所有的朋友和家人都是由演员扮演的。所有的情节和发生的事件也都是虚构的。<br />女：哦，我想我现在明白了。听起来很有创意。<br />男：是的，确实是。事实上，[6]整部剧都是由他编写、导演、剪辑和制作的，[5]而且非常有趣，也赢得了许多奖项。<br />女：太酷了。[7]我会试着下载它。我在看喜剧片《生活大爆炸》。这部剧在全世界大受欢迎。<br />男：噢，是的。我听说过，但还没真正看过呢。<br />女：哦，那你应该去看看。这部剧也很有趣。它讲的是四个男科学家和一个女服务员的故事。这些男人很不善交际，但他们都非常聪明。这就和女士的社交技巧和常识形成了鲜明对比。[8]这部剧已经连续更新了十多年，其中一些演员实际上已经成了全球超级明星。现在他们都是名人了。</p>\n<p>&nbsp;</p>\n</div>\n</div>');
INSERT INTO `listening` VALUES (10, 'CET-4 2019-6 第1套', NULL, '大学英语2019年6月四级听力第一套题', '[{\"title\":\"What did the boy from central California do according to the report?\",\"op1\":\"He set a record by swimming to and from an island. \",\"op2\":\"He celebrated the ninth birthday on a small island.\",\"op3\":\"He visited a prison located on a faraway island.\",\"op4\":\"He swam around an island near San Francisco.\",\"answer\":\"A\"},{\"title\":\"What did the father do to encourage his son?\",\"op1\":\"He doubled the reward.  \",\"op2\":\"He cheered him on all the way.\",\"op3\":\"He set him an example.\",\"op4\":\"He had the event covered on TV.\",\"answer\":\"A\"},{\"title\":\"What was the purpose of the annual leave bonus in China?\",\"op1\":\"To end the one-child policy.\",\"op2\":\"To encourage late marriage.  \",\"op3\":\"To increase working efficiency.\",\"op4\":\"To give people more time to travel.\",\"answer\":\"B\"},{\"title\":\"What do we learn about the new regulations?\",\"op1\":\"They will not be welcomed by young people.\",\"op2\":\"They will help to popularize early marriage.\",\"op3\":\"They will boost China’s economic growth.\",\"op4\":\"They will not come into immediate effect.  \",\"answer\":\"D\"},{\"title\":\"What is the news report mainly about?\",\"op1\":\"Cleaning service in great demand all over the world.\",\"op2\":\"Two ladies giving up well-paid jobs to do cleaning.\",\"op3\":\"A new company to clean up the mess after partie\",\"op4\":\"Cleaners gainfully employed at nights and weekends.\",\"answer\":\"C\"},{\"title\":\"What is a common problem with a house party?\",\"op1\":\"It takes a lot of time to prepare.\",\"op2\":\"It leaves the house in a mess\",\"op3\":\"It makes party goers exhausted.\",\"op4\":\"It creates noise and misconduct.\",\"answer\":\"B\"},{\"title\":\"What are Rebecca Foley and Catherine Arthurs planning to do?\",\"op1\":\"Hire an Australian lawyer.\",\"op2\":\"Visit the US and Canada.\",\"op3\":\"Settle a legal dispute.\",\"op4\":\"Expand their business.  \",\"answer\":\"D\"},{\"title\":\"What did the man do yesterday?\",\"op1\":\"He had a driving lesson.\",\"op2\":\"He got his driver’s license.\",\"op3\":\"He took the driver’s theory exam. \",\"op4\":\"He passed the driver’s road test.\",\"answer\":\"C\"},{\"title\":\"Why did he fail the exam the first time?\",\"op1\":\"He was not well prepared. \",\"op2\":\"He did not get to the exam in time.\",\"op3\":\"He was not used to the test format.\",\"op4\":\"He did not follow the test procedure.\",\"answer\":\"A\"},{\"title\":\"What does the man say about his driving lessons?\",\"op1\":\"They are tough.\",\"op2\":\"They are costly.  \",\"op3\":\"They are helpful.\",\"op4\":\"They are too short.\",\"answer\":\"B\"}]', 1, '2021-04-04 19:56:02', '2021-05-07 17:13:30', NULL, '1617537332306.mp3', 4, '<div class=\"col-md-7 englishtop\">\n<div class=\"col-md-7 englishtop\">\n<div class=\"col-md-7 englishtop\">\n<p>[1]A nine-year-old central California boy braved strong currents and cold water to swim from San Francisco to Alcatraz Island and back. A California television station in Fresno reported Tuesday that James Savage set a record as the youngest swimmer to make the journey to the former prison. The TV station reported that by completing the swim the fourth-grade student from Los Banos broke a record previously held by a ten-year-old boy. James said that waves in the San Francisco Bay hitting him in the face 30 minutes into his swim made him want to give up. His father said he had offered his son 100 dollars as a reward. [2]To encourage his struggling son he doubled it to 200 dollars. James pushed forward, making it to Alcatraz Island and back in a little more than two hours. Alcatraz is over a mile from the mainland.</p>\n</div>\n<div class=\"col-md-5 englishtop\">\n<p>[1]一位来自加利福尼亚中部地区的9岁男孩勇敢地面对湍急的水流和冰冷的海水，在旧金山和阿尔卡特拉斯岛（曾设有恶魔岛联邦监狱）之间游了一个来回。位于夫勒斯诺市的一家加州电视台周二报道，詹姆斯&middot;萨维奇创造了一项纪录，成为游向这座曾是监狱的地方的最年轻的游泳者。据该电视台报道，这位来自洛斯巴诺斯（加州的一个城市）的四年级学生游完全程，打破了此前由一名10岁男孩保持的纪录。詹姆斯说，在他游了30分钟后，旧金山湾的海浪击打着他的脸，让他想要放弃。他父亲说，他给了儿子100美元作为奖励。[2]为了鼓励努力坚持游完全程的儿子，他把奖励提高了一倍，增加到了200美元。詹姆斯不断超越自我，在两个小时多一点的时间里，成功地游到了阿尔卡特拉斯岛，又顺利地游了回来。阿尔卡特拉斯岛距离大陆一英里多。</p>\n<p>&nbsp;</p>\n</div>\n<p>On the first of January, new regulations will come into effect which eliminate an annual leave bonus for people who put off marrying until the age of 23 for women and 25 for men, the South China Morning Post reports. [3]The holiday bonus was designed to encourage young people to delay getting married in line with China&rsquo;s one-child policy. But with that policy now being abolished, this holiday incentive is no longer necessary, the government says. In Shanghai, a young couple at a marriage registration office told the paper that they decided to register their marriage as soon as possible to take advantage of the existing policy because an extra holiday was a big deal for them. In Beijing, one registration office had about 300 couples seeking to get married the day after the changes were announced, rather than the usual number of between 70 and 80. [4]But one lawyer tells the paper that the changes still have to be adopted by local governments and these procedures take time. So people who are rushing to register for marriage can relax.</p>\n</div>\n<div class=\"col-md-5 englishtop\">\n<p>据《南华早报》报道，一项新规定将取消女性推迟到23岁结婚、男性推迟到25岁结婚的人的年假福利，这项新规定将于明年1月1日起生效。[3]这一假期福利旨在鼓励年轻人晚婚，以契合中国的独生子女政策。但政府称，随着这项政策现在被废除，这一假期激励措施不再有必要。 在上海，婚姻登记处的一对年轻情侣向《南华早报》表示，他们决定尽快登记结婚以利用现有政策的福利，因为额外的假期对他们来说意义非凡。在北京，政策变化宣布之后第二天，大约有300对情侣到一所婚姻登记处登记结婚，而往常每天来登记的只有70到80对情侣。[4]不过，一名律师对该报表示，这一政策变化有待地方政府实施，实施过程需要时间。所以，那些急于登记结婚的人可以放松下来。</p>\n<p>&nbsp;</p>\n</div>\n</div>\n<div class=\"col-md-5 englishtop\">\n<div class=\"col-md-7 englishtop\">\n<p>[6]Everyone loves a good house party, but the cleaning-up the next morning isn&rsquo;t as enjoyable. Now, however, a New Zealand-based startup company aims to bring messy homes&mdash;and even splitting headaches&mdash;back to normal. The properly-named startup &ldquo;Morning-After Maids&rdquo;, was launched about a month ago in Auckland by roommates Rebecca Foley and Catherine Arthurs. Aside from cleaning-up, the two will also cook breakfast, and even get coffee and painkillers for recovering merrymakers. Although they are both gainfully employed, they fit cleaning jobs into their nights and weekends, which is when their service is in most demand any way. Besides being flooded with requests from across the country, Foley and Arthurs have also received the requests from the U.S. and Canada to provide services there. [7]They are reportedly meeting with lawyers to see how best to take the business forward.</p>\n</div>\n<div class=\"col-md-5 englishtop\">\n<p>[6]人人都喜欢美好的家庭派对，但是第二天早上的清理工作却不那么令人愉快。不过，现有一家位于新西兰的创业公司旨在帮助人们把凌乱不堪（甚至令人抓狂）的家恢复原状。这家名字恰如其分、叫做&ldquo;次日女佣&rdquo;的创业公司于一个月前在奥克兰创立，创始人是瑞贝卡&middot;弗雷和凯瑟琳&middot;阿瑟斯，她们是室友。除了清理工作之外，她们两人还会为客户做早餐，甚至为了让在派对中纵情欢乐的人恢复精力，两人还会为他们买咖啡和头痛药。尽管她们提供服务会获得报酬，不过她们还是把清理工作安排在晚上和周末，也就是业务最集中的时间。除了接到国内的大量订单之外，弗雷和阿瑟斯还收到了去美国和加拿大提供服务的邀请。[7]据报道，她们两人正在跟律师会面，商讨如何更好地推进其业务。</p>\n</div>\n<p>&nbsp;</p>\n</div>');
INSERT INTO `listening` VALUES (11, '测试听力', NULL, '123', '[{\"title\":\"1\",\"op1\":\"aaa\",\"op2\":\"asdas\",\"op3\":\"bbb\",\"op4\":\"ccc\",\"answer\":\"A\"}]', 1, '2021-04-20 00:17:19', '2021-04-20 00:20:52', '2021-04-20 00:21:02', '1618849011539.mp3', 4, '<p>测试</p>');
INSERT INTO `listening` VALUES (12, '测试听力', NULL, '测试', '[{\"title\":\"1\",\"op1\":\"A\",\"op2\":\"B\",\"op3\":\"C\",\"op4\":\"D\",\"answer\":\"A\"}]', 1, '2021-04-20 16:45:03', '2021-04-20 16:45:25', '2021-04-20 16:45:48', '1618908282503.mp3', 8, '<p>ces&nbsp;</p>\n<p>&nbsp;</p>');
INSERT INTO `listening` VALUES (13, 'ceshi', '1618917192012.png', '123', '[{\"title\":\"123\",\"op1\":\"123\",\"op2\":\"123\",\"op3\":\"123\",\"op4\":\"123\",\"answer\":\"A\"}]', 1, '2021-04-20 19:13:38', '2021-04-20 19:13:38', '2021-04-20 19:16:33', '1618917207899.mp3', 4, '<p>123123</p>');
INSERT INTO `listening` VALUES (14, 'CET-4 2020-12 第1套', NULL, '大学英语2020年12月四级听力第一套题', '[{\"title\":\"What is reported in the news?\",\"op1\":\"A deadly fish has been spotted in the Mediterranean waters.\",\"op2\":\"Invasive species are driving away certain native species.\",\"op3\":\"The Mediterranean is a natural habitat of Devil Firefish.\",\"op4\":\"Many people have been attacked by Devil Firefish.\",\"answer\":\"A\"},{\"title\":\"What is the environmentalists\' concern about the spread of Devil Firefish in the Mediterranean?\",\"op1\":\"It could add to greenhouse emissions.\",\"op2\":\"It could disrupt the food chains there.\",\"op3\":\"It could pose a threat to other marine species.\",\"op4\":\"It could badly pollute the surrounding waters.\",\"answer\":\"C\"},{\"title\":\"What will happen on World Car-Free Day in Paris?\",\"op1\":\"Cars will not be allowed to enter the city.\",\"op2\":\"About half of its city center will be closed to cars.\",\"op3\":\"Buses will be the only vehicles allowed on its streets.\",\"op4\":\"Pedestrians will have free access to the city.\",\"answer\":\"B\"},{\"title\":\"What motivated the mayor of Paris to promote the first World Car-Free Day in her city?\",\"op1\":\"The rising air pollution in Paris.\",\"op2\":\"The worsening global warming.\",\"op3\":\"The ever-growing cost of petrol.\",\"op4\":\"The unbearable traffic noise.\",\"answer\":\"A\"},{\"title\":\"What happened to the Philippine fisherman one day?\",\"op1\":\"Many of his possessions were stolen.\",\"op2\":\"His house was burnt down in a fire. \",\"op3\":\"His fishing boat got wrecked on a rock.\",\"op4\":\"His good luck charm sank into the sea.\",\"answer\":\"B\"},{\"title\":\"What was the fisherman forced to do?\",\"op1\":\"Change his fishing locations.\",\"op2\":\"Find a job in a travel agency.\",\"op3\":\"Spend a few nights on a small island.\",\"op4\":\"Sell the pearl he had kept for years. \",\"answer\":\"D\"},{\"title\":\"What did the fisherman learn from the tourist agent?\",\"op1\":\"His pearl could be displayed in a museum.\",\"op2\":\"His monstrous pearl was extremely valuable. \",\"op3\":\"The largest pearl in the world weighs 14 pounds.\",\"op4\":\"A New York museum has the world\'s biggest pearl.\",\"answer\":\"B\"},{\"title\":\"What do we learn about the woman\'s company?\",\"op1\":\"It boasts a fairly long history.\",\"op2\":\"It produces construction materials.\",\"op3\":\"It has 75 offices around the world.\",\"op4\":\"It has over 50 business partners.\",\"answer\":\"A\"},{\"title\":\"What does the man say about his own company?\",\"op1\":\"It has about 50 employees.\",\"op2\":\"It was started by his father.\",\"op3\":\"It is a family business. \",\"op4\":\"It is over 100 years old.\",\"answer\":\"C\"},{\"title\":\"What is the main problem with the man\'s company?\",\"op1\":\"Shortage of raw material supply.\",\"op2\":\"Legal disputes in many countries.\",\"op3\":\"Outdated product design.\",\"op4\":\"Loss of competitive edge.\",\"answer\":\"D\"},{\"title\":\"What does the woman suggest doing to help the man\'s company?\",\"op1\":\"Conducting a financial analysis for it. \",\"op2\":\"Providing training for its staff members.\",\"op3\":\"Seeking new ways to increase its exports.\",\"op4\":\"Introducing innovative marketing strategies.\",\"answer\":\"A\"},{\"title\":\"What do we learn about the woman from the conversation?\",\"op1\":\"She is a real expert at house decorations.\",\"op2\":\"She is well informed about the design business.\",\"op3\":\"She is attracted by the color of the sitting room.\",\"op4\":\"She is really impressed by the man\'s house. \",\"answer\":\"D\"},{\"title\":\"Where did the man get his ideas for the project?\",\"op1\":\"From his younger brother Greg.\",\"op2\":\"From home design magazines. \",\"op3\":\"From a construction businessman.\",\"op4\":\"From a professional interior designer.\",\"answer\":\"B\"},{\"title\":\"What did the man say about the project he recently completed?\",\"op1\":\"The effort was worthwhile.\",\"op2\":\"The style was fashionable.\",\"op3\":\"The cost was affordable. \",\"op4\":\"The effect was unexpected.\",\"answer\":\"C\"},{\"title\":\"Why does the woman invite the man to her house next week?\",\"op1\":\"She\'d like him to talk with Jonathan about a new project.\",\"op2\":\"She wants him to share his renovation experience with her.  \",\"op3\":\"She wants to discuss the house decoration budget with him.\",\"op4\":\"She\'d like to show him around her newly-renovated house.\",\"answer\":\"B\"},{\"title\":\"What does England spend an annual 3 million pounds on?\",\"op1\":\"Providing routine care for small children.\",\"op2\":\"Paying hospital bills for emergency cases.\",\"op3\":\"Doing research on ear, nose and throat diseases.\",\"op4\":\"Removing objects from patients\' noses and ears.  \",\"answer\":\"D\"},{\"title\":\"What do we learn from England\'s Hospital Episode Statistics?\",\"op1\":\"Many children like to smell things they find or play with.\",\"op2\":\"Many children like to put foreign objects in their mouths.\",\"op3\":\"Five- to nine-year-olds are the most likely to put things in their ears.  \",\"op4\":\"Children aged one to four are often more curious than older children.\",\"answer\":\"C\"}]', 1, '2021-04-21 10:51:47', '2021-05-07 17:12:06', NULL, '1618973418582.mp3', 4, '<div class=\"col-md-7 englishtop\">\n<p>[1] A poisonous fish which has a sting strong enough to kill a human is invading the Mediterranean, warn scientists. The International Union for the Conservation of Nature has raised concerns after the poisonous fish was spotted in the waters around Turkey, Cyprus and the eastern Mediterranean. Native to the South Pacific and Indian Ocean, the potentially deadly fish has poisonous hooks&mdash;a painful sting capable of killing people. Although fatalities are rare, the stings can cause extreme pain and stop people breathing. The fish, often known as Devil Firefish, is a highly invasive species. [2] And environmentalists fear its arrival could endanger other types of marine life. After being spotted in the Mediterranean, a marine scientist says the fish is spreading, and that\'s a cause for concern.</p>\n</div>\n<div class=\"col-md-5 englishtop\">\n<p>[1]科学家警告称，一种有毒的鱼正在入侵地中海，这种鱼带有毒刺，足以毒死一个人。在土耳其、塞浦路斯和地中海东部海域发现这种有毒鱼类后，国际自然保护联盟对此表示担忧。这种可能致命的鱼原产于南太平洋和印度洋，它有带毒的钩子&mdash;&mdash;一种令人痛苦的毒刺，能杀死人。虽然这种鱼导致死亡的情况很罕见，但被毒刺蜇后会让人感到剧痛不已，并让人窒息。这种鱼，通常被称为恶魔火鱼，是一种具有高度入侵性的物种。[2]环保人士担心，它的到来会危及其他种类的海洋生物。在地中海发现这种鱼后，一位海洋科学家表示，这种鱼正在扩散，这是引起担忧的一个原因。</p>\n<p>&nbsp;</p>\n<div class=\"col-md-7 englishtop\">\n<p>[3] Almost half the center of Paris will be accessible only by foot or bicycle this Sunday to mark World Car-Free Day. [4] This is in response to rising air pollution that made Paris the most polluted city in the world for a brief time. Mayor Anne Hidalgo promoted the first World Car-Free Day last year.<br />Hidalgo also has supported a &ldquo;Paris Breathes&rdquo; day. On the first Sunday of every month, Paris clears traffic from eight lanes of the main road. About 400 miles of streets will be closed to cars. It is expected to bring significant reduction in pollution levels. Last year\'s car-free day showed a 40% drop in pollution levels in some parts of the city, according to an independent air pollution monitor, reports The Guardian, and sound levels dropped by 50% in the city\'s center.</p>\n</div>\n<div class=\"col-md-5 englishtop\">\n<p>[3]本周日，为了纪念世界无车日，巴黎市中心近一半地区将只能步行或骑自行车进入。[4]空气污染的加重曾使巴黎短暂地成为世界上污染最严重的城市，因此该举措是对这一问题做出的回应。安妮&middot;伊达尔戈市长去年发起了首个世界无车日。<br />伊达尔戈还支持&ldquo;巴黎呼吸日&rdquo;。每个月的第一个周日，巴黎都会疏散主干道八个车道上的车辆。大约400英里的街道将禁止汽车通行。预计这将显著降低污染水平。《卫报》报道称，根据一家独立的空气污染监测机构的数据，去年的（世界）无车日显示，该市一些地区的污染水平下降了40%，而市中心的噪音水平下降了50%。</p>\n<p>&nbsp;</p>\n<div class=\"col-md-7 englishtop\">\n<p>[5] A Philippine fisherman was feeling down on his luck when a house fire forced him to clear out his possessions and change locations. Then a good luck charm that he had kept under his bed changed his life. The unidentified man had fished out a giant pearl from the ocean when his anchor got stuck on the rock while sailing off a coastal island in the Philippines ten years ago. [6] When he was forced to sell it, [7] the shocked tourist agent at Puerto Princesa told him that the 77-pound giant pearl that he had kept hidden in his rundown wooden house was the biggest pearl in the world, which was valued at ￡ 76 million.<br />The Pearl of Allah, which is currently on display in a New York museum, only weighs 14 pounds. That is five times smaller than the pearl that the fisherman just handed in. The monstrous pearl measured at 1 foot wide and 2.2 feet long, is going to be verified by local experts and international authorities before hopefully going on display to attract more tourists in the little town.</p>\n</div>\n<div class=\"col-md-5 englishtop\">\n<p>[5]一位菲律宾渔民时运不济，一场房屋火灾迫使他清理了自己的财物并更换了住处。后来，他藏在床下的一个幸运符改变了他的生活。10年前，当这名身份不明的男子在菲律宾一个沿海岛屿附近航行，而船锚卡在了岩石上时，他从海里捞出了一颗巨大的珍珠。[6]当他被迫出售那颗珍珠时，[7]普林塞萨港的一个旅行代理商震惊地告诉他，他藏在破旧木屋里的那颗77磅重的巨型珍珠是世界上最大的珍珠，价值7600万英镑。<br />目前在纽约一家博物馆展出的&ldquo;真主之珠&rdquo;只有14磅重。也就是渔民刚刚交上来的那颗珍珠的五分之一那么大。这颗大得吓人的珍珠宽1英尺，长2.2英尺，将经过当地专家和国际权威机构的验证，然后有望进行展示，以吸引更多的游客到小镇来。</p>\n<p>&nbsp;</p>\n<div class=\"col-md-7 englishtop\">\n<p>W: Mr. Smith, it\'s a pleasure meeting you!<br />M: Nice to meet you, too. What can I do for you?<br />W: Well, I\'m here to show you what our firm can do for you. Astro Consultants has branches in over fifty countries, offering different business services. [8] We\'re a global company with 75 years of history. And our clients include some of the world\'s largest companies.<br />M: Thank you, Mrs. Houston. I know Astro Consultants is a famous company. But you said you would show me what you could do for me. Well, what exactly can your firm do for my company?<br />W: We advise businesses on all matters, from market analysis to legal issues. Anything a business like yours could need, our firm offers expert advice. Could I ask you, Mr. Smith, to tell me a little about your company and the challenges you face? That way, I could better respond as to how we can help you.<br />M: OK, sure. [9] This is a family business started by my grandfather in 1950. We employ just over 100 people. We manufacture an export stone for buildings and other constructions. Our clients usually want a special kind of stone cut in a special design. And that\'s what we do in our factory. [10] Our main challenge is that our national currency is rising, and we\'re losing competitive advantage to stone producers in India.<br />W: I see. That\'s very interesting. [11] I will suggest that you let us first conduct a financial analysis of your company, together with the analysis of your competitors in India. That way, we could offer the best advice on different ways forward for you.</p>\n</div>\n<div class=\"col-md-5 englishtop\">\n<p>女：史密斯先生，很高兴见到您！<br />男：我也很高兴见到您。我能为您做些什么？<br />女：嗯，我来这里是向您介绍我们公司能为您提供的服务。阿斯特罗咨询公司在50多个国家设立了分公司，提供不同的业务服务。[8]我们是一家拥有75年历史的全球化公司。我们的客户包括一些世界上最大的公司。<br />男：谢谢您，休斯敦女士。我知道阿斯特罗咨询公司是一家很有名的公司。但您刚才说要向我介绍贵公司能为我提供哪些服务。那么，具体是哪些服务呢？<br />女：我们就所有问题向公司提供咨询，从市场分析到法律事务，一应俱全。像你们公司这样的企业可能需要咨询的任何事情，我们公司都可以提供专业的建议。史密斯先生，可以请您稍微介绍一下贵公司的情况以及贵公司所面临的挑战吗？这样的话，我就能更好地说明我们该如何帮助您。<br />男：好的，当然可以。[9]这家公司是我的祖父在1950年创立的家族企业。我们仅雇用了100多名员工。我们生产出口用于修建楼房和其他建筑的石材。我们的客户通常需要一种特殊的石头，并且石头需要被切割成特殊的工艺形状。这就是我们公司的业务。[10]我们的主要挑战是，国家货币正在升值，而且，对于印度的石材商我们正在失去竞争优势。<br />女：我明白了。这种情况非常令人关注。[11]我建议您让我们先对贵公司的财务进行分析，同时分析贵公司在印度的竞争对手。这样，我们就可以从不同的角度为您提供最好的建议了。</p>\n<p>&nbsp;</p>\n<div class=\"col-md-7 englishtop\">\n<p>W: Wow, congratulations, Simon! The place looks absolutely amazing!<br />M: Really? You think so?<br />W: Of course. I love it. It looks like you had a professional interior designer. But you didn\'t, did you?<br />M: No. I did it all by myself with a little help from my brother, Greg. He\'s actually in the construction business, which was really helpful.<br />W: [12] I, honestly, I\'m impressed! I know I can probably repaint the walls in my house over a weekend or something, but not a full renovation. Where did you get your ideas? I wouldn\'t know where to start.<br />M: [13] Well, for a while now, I\'ve been regularly buying home design magazines. Every now and then, I\'d saved the pictures I liked. Believe it or not, I had a full notebook of magazine pages. Since my overall style was quite minimal, I thought and hoped a whole renovation wouldn\'t be too difficult. And sure enough, with Greg\'s help, it was very achievable.<br />W: Was it very expensive? I have imagined a project like this could be.<br />M: [14] Actually, it was surprisingly affordable. I managed to sell a lot of my old furniture and put that extra money towards the new material. Greg was also able to get some discount materials from a recent project he was working on as well.<br />W: Great! If you don\'t mind, I\'d like to pick your brain a bit more. Jonathan and I are thinking of renovating our sitting room, not the whole house, not yet anyway. [15] And we\'d love to get some inspiration from your experience. Are you free to come over for a coffee early next week?</p>\n</div>\n<div class=\"col-md-5 englishtop\">\n<p>女：哇，祝贺你，西蒙！这地方看起来太棒了！<br />男：真的吗？你真的这样认为吗？<br />女：当然。我十分喜欢。它看起来就像是你请了专业的室内设计师设计出来的。但你没有找设计师，对吧？<br />男：没错。我亲力亲为，我弟弟格雷格也帮了点忙。实际上，他是从事建筑行业的，这可帮了大忙。<br />女：[12]说实话，我真的非常喜欢！我知道可能我可以在周末或其他时间将我家的墙也重新粉刷一遍，但不是完全翻新。你的灵感是从哪里来的？我不知道从哪儿开始。<br />男：[13]哦，有那么一段时间，我一直定期购买家居设计杂志。我有时会保存一些我喜欢的图片。信不信由你，我从杂志上剪下来的图片贴满了整整一个笔记本呢。由于我的整体设计风格非常简约，我想整个装修过程不会太困难，我同时也希望如此。果然，在格雷格的帮助下，这是很容易实现的。<br />女：装修费很贵吧？我想过这样一个工程可能会很贵。<br />男：[14]实际上，装修费非常容易承担。我设法卖掉了很多旧家具，把额外得到的钱用于购买新材料。格雷格也能从最近在做的一个项目中买一些打折的材料。<br />女：太棒了！如果你不介意的话，我想再向你请教一下。乔纳森和我正在考虑翻新我们的客厅，至少现在我们还不考虑翻新整栋房子。[15]我们希望从你的经验中得到一些启发。下周早些时候你有空过来喝杯咖啡吗？</p>\n<p>&nbsp;</p>\n<div class=\"col-md-7 englishtop\">\n<p>[16] Removing foreign objects from ears and noses costs England almost 3 million pounds a year, a study suggests. Children were responsible for the vast majority of cases &mdash; 95% of objects removed from noses and 85% from ears.<br />Every year, an average of 1,218 nose and 2,479 ear removals took place between 2010 and 2016. According to England\'s Hospital Episode Statistics, [17] children aged one to four were the most likely to need help from doctors for a foreign object in their nose. Five- to nine-year-olds come to the hospital with something in their ears the most.<br />Jewelry items accounted for up to 40% of cases in both the ears and noses of children. Paper and plastic toys were the items removed next most from noses. Cotton buds and pencils were also found in ears. [18] According to the study, the occurrence of foreign objects in children is generally attributed to curiosity.<br />Children have an impulse to explore their noses and ears. This results in the accidental entry of foreign objects. Any ear, nose and throat surgeon has many weird stories about wonderful objects found in the noses and ears of children and adults. Batteries can pose a particular danger. In all cases, prevention is better than cure. This is why many toys contain warnings about small parts. Recognizing problems early and seeking medical attention is important.</p>\n</div>\n<div class=\"col-md-5 englishtop\">\n<p>[16]一项研究表明，从耳朵和鼻子里移除异物每年要花费英国近300万英镑。绝大多数都是儿童病例，95%的异物是从鼻子里移除，而85%的异物是从耳朵中移除的。<br />从2010年到2016年，每年平均有1218个异物从鼻子中移除，有2479个异物从耳朵里移除。根据英国医院病例统计，[17] 1到4岁的儿童，最有可能因为鼻子里有异物而需要得到医生的帮助。5到9岁的儿童因为耳朵中有异物而来医院的情况最多。<br />在这些病例中，珠宝类物品出现在孩子的耳朵和鼻子中所占的比例高达40%。纸和塑料玩具是从鼻子里移除的异物中第二多的。棉签和铅笔也在耳朵中被发现过。[18]根据这项研究，儿童体内出现异物通常归因于好奇。<br />孩子们有探索自己鼻子和耳朵的冲动。这就导致了异物的意外进入。任何耳鼻喉外科医生都有许多关于在儿童和成年人的鼻子和耳朵里发现奇妙物品的奇怪故事。电池会造成特别的危险。在所有情况下，预防胜于治疗。这就是为什么许多玩具包装盒上面都有关于小部件的警告。及早发现问题并寻求医疗帮助很重要。 整体预测</p>\n<p>&nbsp;</p>\n<div class=\"col-md-7 englishtop\">\n<p>Good morning. [21] Today, I would like to talk to you about my charity ReBicycle. But before that, let me introduce someone. This is Leila Rahimi. She was so scared when she first moved to New Zealand that she struggled to leave the house and would spend days working up the courage to walk to the supermarket for basic supplies.<br />After a few months of being quite down and unhappy, she was invited to join a local bike club. [19] At this time, ReBicycle got involved and gave Leila a second-hand bicycle. Within weeks, her depression had begun to ease as she cycled. The bicycle totally changed her life, giving her hope and a true feeling of freedom.<br />To date, ReBicycle has donated more than 200 bikes to those in need. [20] And it is now expanding bike-riding lessons as demand soars. With a bike, newcomers here can travel farther, but for almost no cost. The three hours a day they used to spend walking to and from English language lessons has been reduced to just one hour.<br />[21] Our bike-riding lessons are so successful that we are urgently looking for more volunteers. Learning to ride a bike is almost always more difficult for an adult, and this can take days and weeks rather than hours. So, if any of you have some free time during the weekend, please come join us at ReBicycle and make a difference in someone\'s life.</p>\n</div>\n<div class=\"col-md-5 englishtop\">\n<p>早上好。[21]今天，我想和大家谈谈我的慈善机构ReBicycle。但在那之前，让我先介绍一个人。这位是莱拉&middot;拉希米。刚搬到新西兰的时候，她感到非常害怕，以至于很难走出家门，会花好几天时间才鼓起勇气去超市买一些基本用品。<br />经历了几个月的消沉和不开心，她受邀加入了当地的一个自行车俱乐部。[19]这时，ReBicycle也参与进来，给了莱拉一辆二手自行车。在几周内，随着她进行骑行活动，她的抑郁情绪开始缓解。自行车彻底改变了她的生活，给了她希望和一种真正的自由感。<br />到目前为止，ReBicycle已经向那些有需要的人捐赠了200多辆自行车。[20]现在，随着需求猛增，慈善机构正在增加其骑行课程。有了自行车，新来的人可以去更远的地方，却几乎不用花钱。过去，他们每天来回要花3个小时步行去上英语课，现在（有了自行车）已经减少到只需1个小时。<br />[21]我们的自行车骑行课程非常成功，所以我们迫切需要寻找更多的志愿者。对一个成年人来说，学习骑自行车通常总是更困难一些，可能需要花费几天或几周，而不是几个小时。所以，如果你们当中的任何一个人在周末有空闲时间，请加入我们ReBicycle，让别人的生活变得不同。</p>\n<p>&nbsp;</p>\n<div class=\"col-md-7 englishtop\">\n<p>Thanks to the International Space Station, we know quite a bit about the effects of low gravity on the human body, but NASA scientists want to learn more. [22] To that end, they have been studying how other species deal with low gravity, specifically focusing on mice. The results are both interesting and humorous. The scientists first sent some mice in a specially designed cage to the International Space Station. The cage allowed them to study the behavior of the mice remotely from Earth via video. As you\'ll notice in the video, [23] the mice definitely seem uncomfortable at the beginning of the experiment. They move around clumsily, drifting within the small confines of the cage, and do their best to figure out which way is up, but without success.<br />However, it\'s not long before the mice begin to catch on. They adapt remarkably well to their new environment and even use the lack of gravity to their advantage as they push themselves around the cage.<br />That\'s when things really get wild. [24] The 11th day of the experiment shows the mice are not just dealing with the gravity change, but actually seem to be enjoying it. Several of the mice are observed running around the cage walls.<br />[25] The scientists wanted to see whether the mice would continue doing the same kinds of activities they were observed doing on Earth. The study showed that the mice kept much of the routines intact, including cleaning themselves and eating when hungry.</p>\n</div>\n<div class=\"col-md-5 englishtop\">\n<p>多亏了国际空间站，我们了解了很多关于低重力对人体的影响，但是美国宇航局的科学家们想要了解更多。[22]为此，他们一直在研究其他物种是如何应对低重力环境的，特别是在老鼠身上。结果既有趣，又充满幽默。科学家们首先把一些老鼠装进一个特别设计的笼子里并送到国际空间站。这个笼子使得他们能够通过视频从地球上远程研究老鼠的行为。正如你将在视频中注意到的，[23]在实验开始的时候，老鼠看起来显然很不舒服。它们在笼子狭小的空间里笨拙地移动，悬浮在空中，并且竭力想知道哪条路是向上的，却无济于事。<br />然而，老鼠很快就明白过来。它们很好地适应了新环境，甚至充分利用失重的优势推动自己在笼子里打转。<br />那才是事情真正变得疯狂的时候。[24]实验的第11天表明，老鼠们不仅在应对重力变化，而且实际上似乎很享受。科学家们观察到有几只老鼠沿着笼子的四壁跑来跑去。<br />[25]科学家们想看看这些老鼠是否会继续做人们在地球上观察到它们所做的那些活动。研究表明，老鼠的日常活动基本保持不变，包括清洁自己和饥饿时进食。</p>\n<p>&nbsp;</p>\n</div>\n</div>\n</div>\n</div>\n</div>\n</div>\n</div>\n</div>');
INSERT INTO `listening` VALUES (16, '测试', NULL, '123', '[{\"title\":\"AAAAA\",\"op1\":\"A\",\"op2\":\"B\",\"op3\":\"C\",\"op4\":\"D\",\"answer\":\"A\"}]', 0, '2021-05-07 17:56:41', '2021-05-07 17:56:47', '2021-05-07 17:56:51', '1620381387326.mp3', 4, '<p>解析</p>');
INSERT INTO `listening` VALUES (17, '测试听力', NULL, '测试', '[{\"title\":\"AAAA\",\"op1\":\"A\",\"op2\":\"B\",\"op3\":\"C\",\"op4\":\"D\",\"answer\":\"A\"}]', 1, '2021-05-08 16:21:38', '2021-05-08 16:21:38', NULL, '1620462086869.mp3', 17, '<p>测试</p>');
INSERT INTO `listening` VALUES (15, '测试', NULL, '测试', '[{\"title\":\"题目111111\",\"op1\":\"A\",\"op2\":\"B\",\"op3\":\"C\",\"op4\":\"D\",\"answer\":\"A\"}]', 0, '2021-04-21 14:27:49', '2021-04-21 14:28:33', '2021-04-21 14:28:41', '1618986449684.mp3', 4, '<p>解释</p>');

-- ----------------------------
-- Table structure for relation
-- ----------------------------
DROP TABLE IF EXISTS `relation`;
CREATE TABLE `relation`  (
  `id` bigint(20) NOT NULL AUTO_INCREMENT COMMENT '主键，自增',
  `from_user_id` bigint(20) NOT NULL COMMENT '发起用户id',
  `to_user_id` bigint(20) NOT NULL COMMENT '接收用户id',
  `rel_type` int(1) NOT NULL COMMENT '关注/不关注/拉黑 ，1代表关注，2代表不关注，3代表拉黑',
  `created_at` datetime(0) NOT NULL,
  `updated_at` datetime(0) NOT NULL,
  `deleted_at` datetime(0) NULL DEFAULT NULL,
  PRIMARY KEY (`id`) USING BTREE
) ENGINE = MyISAM AUTO_INCREMENT = 8 CHARACTER SET = utf8mb4 COLLATE = utf8mb4_general_ci ROW_FORMAT = Fixed;

-- ----------------------------
-- Records of relation
-- ----------------------------
INSERT INTO `relation` VALUES (1, 8, 1, 2, '2022-03-28 10:30:43', '2022-04-17 23:07:37', NULL);
INSERT INTO `relation` VALUES (2, 8, 14, 1, '2022-03-28 11:07:14', '2022-04-17 23:07:06', NULL);
INSERT INTO `relation` VALUES (5, 8, 8, 2, '2022-03-28 23:19:59', '2022-03-28 23:53:07', NULL);
INSERT INTO `relation` VALUES (6, 8, 3, 2, '2022-03-29 00:01:36', '2022-04-17 23:07:19', NULL);
INSERT INTO `relation` VALUES (7, 16, 14, 1, '2022-04-19 23:58:16', '2022-04-19 23:58:16', NULL);

-- ----------------------------
-- Table structure for user_article_collection
-- ----------------------------
DROP TABLE IF EXISTS `user_article_collection`;
CREATE TABLE `user_article_collection`  (
  `id` int(11) NOT NULL AUTO_INCREMENT,
  `web_user_id` bigint(20) NOT NULL COMMENT '用户id',
  `article_id` bigint(20) NOT NULL COMMENT '文章id',
  `created_at` datetime(0) NULL DEFAULT NULL,
  `updated_at` datetime(0) NULL DEFAULT NULL,
  `deleted_at` datetime(0) NULL DEFAULT NULL,
  PRIMARY KEY (`id`) USING BTREE
) ENGINE = MyISAM AUTO_INCREMENT = 29 CHARACTER SET = utf8mb4 COLLATE = utf8mb4_general_ci ROW_FORMAT = Fixed;

-- ----------------------------
-- Records of user_article_collection
-- ----------------------------
INSERT INTO `user_article_collection` VALUES (28, 16, 1, '2022-04-19 23:58:22', '2022-04-19 23:58:22', NULL);

-- ----------------------------
-- Table structure for user_videocourse_collection
-- ----------------------------
DROP TABLE IF EXISTS `user_videocourse_collection`;
CREATE TABLE `user_videocourse_collection`  (
  `id` int(11) NOT NULL AUTO_INCREMENT,
  `web_user_id` bigint(20) NOT NULL COMMENT '用户id',
  `video_course_id` bigint(20) NOT NULL COMMENT '视频课程id',
  `created_at` datetime(0) NULL DEFAULT NULL,
  `updated_at` datetime(0) NULL DEFAULT NULL,
  `deleted_at` datetime(0) NULL DEFAULT NULL,
  PRIMARY KEY (`id`) USING BTREE
) ENGINE = MyISAM AUTO_INCREMENT = 22 CHARACTER SET = utf8mb4 COLLATE = utf8mb4_general_ci ROW_FORMAT = Fixed;

-- ----------------------------
-- Records of user_videocourse_collection
-- ----------------------------
INSERT INTO `user_videocourse_collection` VALUES (21, 16, 1, '2022-04-19 23:58:33', '2022-04-19 23:58:33', NULL);

-- ----------------------------
-- Table structure for video_course
-- ----------------------------
DROP TABLE IF EXISTS `video_course`;
CREATE TABLE `video_course`  (
  `id` bigint(20) NOT NULL AUTO_INCREMENT,
  `title` varchar(255) CHARACTER SET utf8mb4 COLLATE utf8mb4_general_ci NOT NULL COMMENT '视频课程标题',
  `image` varchar(500) CHARACTER SET utf8mb4 COLLATE utf8mb4_general_ci NULL DEFAULT NULL COMMENT '视频课程封面',
  `uid` bigint(20) NOT NULL COMMENT '用户id',
  `published_time` datetime(0) NULL DEFAULT NULL COMMENT '文章发布时间',
  `description` longtext CHARACTER SET utf8mb4 COLLATE utf8mb4_general_ci NOT NULL COMMENT '描述',
  `is_published` tinyint(1) NOT NULL COMMENT '公开或私密',
  `is_comment_enabled` tinyint(1) NOT NULL COMMENT '评论开关',
  `is_top` int(20) NOT NULL COMMENT '是否置顶',
  `created_at` datetime(0) NOT NULL COMMENT '创建时间',
  `updated_at` datetime(0) NULL DEFAULT NULL COMMENT '更新时间',
  `views` int(11) NULL DEFAULT NULL COMMENT '浏览次数',
  `like_num` bigint(20) NULL DEFAULT NULL COMMENT '点赞数量',
  `categoryId` bigint(20) NULL DEFAULT NULL COMMENT '视频课程分类',
  `deleted_at` datetime(0) NULL DEFAULT NULL COMMENT '删除时间',
  `video_url` varchar(500) CHARACTER SET utf8mb4 COLLATE utf8mb4_general_ci NULL DEFAULT NULL COMMENT '视频课程路径',
  PRIMARY KEY (`id`) USING BTREE,
  INDEX `type_id`(`categoryId`) USING BTREE,
  INDEX `user_id`(`uid`) USING BTREE
) ENGINE = InnoDB AUTO_INCREMENT = 54 CHARACTER SET = utf8mb4 COLLATE = utf8mb4_general_ci ROW_FORMAT = Dynamic;

-- ----------------------------
-- Records of video_course
-- ----------------------------
INSERT INTO `video_course` VALUES (1, '前端开发必看指南', '1650207948224.jpg', 14, '2022-04-17 22:59:37', '前端开发指南', 1, 1, 35, '2022-04-17 22:59:48', '2022-04-19 23:58:34', 0, 2, 19, NULL, '1650209593641.mp4');

-- ----------------------------
-- Table structure for video_course_comment
-- ----------------------------
DROP TABLE IF EXISTS `video_course_comment`;
CREATE TABLE `video_course_comment`  (
  `id` int(11) NOT NULL AUTO_INCREMENT COMMENT '评论id',
  `web_user_id` bigint(20) NOT NULL COMMENT '用户id',
  `content` varchar(255) CHARACTER SET utf8mb4 COLLATE utf8mb4_general_ci NOT NULL COMMENT '评论内容',
  `is_published` tinyint(1) NOT NULL COMMENT '是否公开',
  `video_course_id` bigint(20) NULL DEFAULT NULL COMMENT '所属的视频课程id',
  `parent_comment_id` bigint(20) NULL DEFAULT NULL COMMENT '父评论id，-1为根评论',
  `like_num` bigint(20) NULL DEFAULT NULL COMMENT '评论点赞数量',
  `created_at` datetime(0) NULL DEFAULT NULL,
  `updated_at` datetime(0) NULL DEFAULT NULL,
  `deleted_at` datetime(0) NULL DEFAULT NULL,
  PRIMARY KEY (`id`) USING BTREE
) ENGINE = MyISAM AUTO_INCREMENT = 73 CHARACTER SET = utf8mb4 COLLATE = utf8mb4_general_ci ROW_FORMAT = Dynamic;

-- ----------------------------
-- Records of video_course_comment
-- ----------------------------
INSERT INTO `video_course_comment` VALUES (72, 16, '测试', 1, 1, -1, 0, '2022-04-20 00:15:36', '2022-04-20 00:15:36', NULL);

-- ----------------------------
-- Table structure for video_course_history
-- ----------------------------
DROP TABLE IF EXISTS `video_course_history`;
CREATE TABLE `video_course_history`  (
  `id` int(11) NOT NULL AUTO_INCREMENT,
  `video_course_id` bigint(20) NOT NULL COMMENT '视频课程id',
  `web_user_id` bigint(20) NOT NULL COMMENT '用户id',
  `created_at` datetime(0) NULL DEFAULT NULL,
  `updated_at` datetime(0) NULL DEFAULT NULL,
  `deleted_at` datetime(0) NULL DEFAULT NULL,
  PRIMARY KEY (`id`) USING BTREE
) ENGINE = MyISAM AUTO_INCREMENT = 12 CHARACTER SET = utf8mb4 COLLATE = utf8mb4_general_ci ROW_FORMAT = Fixed;

-- ----------------------------
-- Records of video_course_history
-- ----------------------------
INSERT INTO `video_course_history` VALUES (11, 1, 16, '2022-04-19 23:58:27', '2022-04-19 23:58:27', NULL);

-- ----------------------------
-- Table structure for visit
-- ----------------------------
DROP TABLE IF EXISTS `visit`;
CREATE TABLE `visit`  (
  `id` int(30) NOT NULL,
  `count` int(30) NOT NULL COMMENT '网站访问数',
  `created_at` datetime(0) NOT NULL,
  `updated_at` datetime(0) NOT NULL,
  `deleted_at` datetime(0) NULL DEFAULT NULL,
  PRIMARY KEY (`id`) USING BTREE
) ENGINE = MyISAM CHARACTER SET = utf8 COLLATE = utf8_general_ci ROW_FORMAT = Fixed;

-- ----------------------------
-- Records of visit
-- ----------------------------
INSERT INTO `visit` VALUES (1, 132, '2021-04-20 20:45:47', '2021-05-08 17:34:37', NULL);

-- ----------------------------
-- Table structure for web_user
-- ----------------------------
DROP TABLE IF EXISTS `web_user`;
CREATE TABLE `web_user`  (
  `id` int(10) UNSIGNED NOT NULL AUTO_INCREMENT,
  `username` varchar(24) CHARACTER SET utf8mb4 COLLATE utf8mb4_general_ci NOT NULL COMMENT '用户名，唯一',
  `nickname` varchar(24) CHARACTER SET utf8mb4 COLLATE utf8mb4_general_ci NULL DEFAULT NULL COMMENT '用户昵称',
  `avatar` varchar(500) CHARACTER SET utf8mb4 COLLATE utf8mb4_general_ci NULL DEFAULT NULL COMMENT '头像url',
  `email` varchar(100) CHARACTER SET utf8mb4 COLLATE utf8mb4_general_ci NULL DEFAULT NULL COMMENT '邮箱',
  `sex` int(1) NOT NULL COMMENT '性别：1代表男，2代表女',
  `birthday` date NULL DEFAULT NULL COMMENT '生日',
  `created_at` datetime(3) NOT NULL DEFAULT CURRENT_TIMESTAMP(3),
  `updated_at` datetime(3) NOT NULL DEFAULT CURRENT_TIMESTAMP(3) ON UPDATE CURRENT_TIMESTAMP(3),
  `deleted_at` datetime(3) NULL DEFAULT NULL,
  PRIMARY KEY (`id`) USING BTREE,
  UNIQUE INDEX `username_del`(`username`, `deleted_at`) USING BTREE,
  UNIQUE INDEX `email_del`(`email`, `deleted_at`) USING BTREE
) ENGINE = InnoDB AUTO_INCREMENT = 17 CHARACTER SET = utf8mb4 COLLATE = utf8mb4_general_ci ROW_FORMAT = Dynamic;

-- ----------------------------
-- Records of web_user
-- ----------------------------
INSERT INTO `web_user` VALUES (16, '13202350062', '测试账号', 'avatar.jpg', NULL, 1, '1999-01-01', '2022-04-19 23:51:35.000', '2022-04-19 23:52:06.000', NULL);

-- ----------------------------
-- Table structure for web_user_identity
-- ----------------------------
DROP TABLE IF EXISTS `web_user_identity`;
CREATE TABLE `web_user_identity`  (
  `id` int(10) UNSIGNED NOT NULL AUTO_INCREMENT,
  `user_id` int(10) UNSIGNED NOT NULL COMMENT '用户id',
  `identity_type` varchar(100) CHARACTER SET utf8mb4 COLLATE utf8mb4_general_ci NOT NULL,
  `identifier` varchar(100) CHARACTER SET utf8mb4 COLLATE utf8mb4_general_ci NULL DEFAULT NULL,
  `credential` varchar(100) CHARACTER SET utf8mb4 COLLATE utf8mb4_general_ci NULL DEFAULT NULL,
  `created_at` datetime(3) NOT NULL DEFAULT CURRENT_TIMESTAMP(3),
  `updated_at` datetime(3) NOT NULL DEFAULT CURRENT_TIMESTAMP(3) ON UPDATE CURRENT_TIMESTAMP(3),
  `deleted_at` datetime(3) NULL DEFAULT NULL,
  PRIMARY KEY (`id`) USING BTREE
) ENGINE = InnoDB AUTO_INCREMENT = 17 CHARACTER SET = utf8mb4 COLLATE = utf8mb4_general_ci ROW_FORMAT = Dynamic;

-- ----------------------------
-- Records of web_user_identity
-- ----------------------------
INSERT INTO `web_user_identity` VALUES (16, 16, 'USERNAME_PASSWORD', '13202350062', 'sha1$cebc3c4e$1$fc23e8ed3d61a39c54d02d7eea9447031aa39953', '2022-04-19 23:51:35.000', '2022-04-19 23:51:35.000', NULL);

-- ----------------------------
-- Table structure for web_user_listening
-- ----------------------------
DROP TABLE IF EXISTS `web_user_listening`;
CREATE TABLE `web_user_listening`  (
  `id` int(11) NOT NULL AUTO_INCREMENT,
  `webUserId` bigint(20) NOT NULL COMMENT '用户id',
  `listeningId` bigint(20) NOT NULL COMMENT '听力练习id',
  `history_answer` longtext CHARACTER SET utf8mb4 COLLATE utf8mb4_general_ci NOT NULL COMMENT '用户答题历史记录',
  `created_at` datetime(0) NULL DEFAULT NULL,
  `updated_at` datetime(0) NULL DEFAULT NULL,
  `deleted_at` datetime(0) NULL DEFAULT NULL,
  PRIMARY KEY (`id`) USING BTREE
) ENGINE = MyISAM AUTO_INCREMENT = 16 CHARACTER SET = utf8mb4 COLLATE = utf8mb4_general_ci ROW_FORMAT = Dynamic;

-- ----------------------------
-- Records of web_user_listening
-- ----------------------------
INSERT INTO `web_user_listening` VALUES (4, 1, 1, '[\'A\',\'C\',\'C\']', '2021-03-25 18:41:56', '2021-03-25 18:46:56', '2021-03-25 18:46:56');
INSERT INTO `web_user_listening` VALUES (5, 8, 1, '[\'A\',\'C\',\'C\']', '2021-03-25 18:41:56', '2021-03-25 18:46:56', '2021-03-28 16:29:51');
INSERT INTO `web_user_listening` VALUES (6, 8, 2, '[\"B\"]', '2021-03-28 22:10:17', '2021-03-28 22:22:40', '2021-04-10 15:40:35');
INSERT INTO `web_user_listening` VALUES (7, 8, 10, '[\"A\"]', '2021-04-10 15:41:54', '2021-04-10 15:41:54', NULL);
INSERT INTO `web_user_listening` VALUES (8, 8, 6, '[\"B\",\"A\",\"A\",\"A\",\"A\",\"A\",\"A\",\"A\",\"A\"]', '2021-04-10 21:10:57', '2021-04-12 00:55:10', NULL);
INSERT INTO `web_user_listening` VALUES (9, 8, 7, '[\"B\"]', '2021-04-10 21:15:28', '2021-04-10 21:16:54', NULL);
INSERT INTO `web_user_listening` VALUES (10, 9, 6, '[\"A\",\"A\",\"A\",\"A\",\"B\",\"B\",\"B\",\"B\",\"B\"]', '2021-04-18 18:39:32', '2021-04-18 18:39:32', NULL);
INSERT INTO `web_user_listening` VALUES (11, 10, 6, '[\"B\",\"B\",\"B\",\"B\",\"B\",\"B\",\"B\",\"B\",\"B\"]', '2021-04-18 19:39:23', '2021-04-18 19:39:23', '2021-05-08 17:34:44');
INSERT INTO `web_user_listening` VALUES (12, 8, 9, '[\"A\"]', '2021-04-20 11:06:11', '2021-04-20 11:06:11', NULL);
INSERT INTO `web_user_listening` VALUES (13, 8, 14, '[\"B\",\"C\",\"C\",\"C\",\"B\",\"C\",\"C\",\"C\",\"B\",\"C\",\"C\",\"C\",\"D\",\"D\",\"D\",\"D\",\"D\"]', '2021-04-21 14:19:26', '2021-05-07 17:06:45', NULL);
INSERT INTO `web_user_listening` VALUES (14, 10, 14, '[\"B\",\"B\",\"B\",\"C\",\"C\",\"C\",\"C\",\"C\",\"C\",\"C\",\"C\",\"C\",\"C\",\"C\",\"C\",\"C\",\"C\"]', '2021-05-08 16:43:42', '2021-05-08 16:43:42', '2021-05-08 17:34:42');
INSERT INTO `web_user_listening` VALUES (15, 10, 17, '[\"C\"]', '2021-05-08 16:45:25', '2021-05-08 16:46:52', NULL);

SET FOREIGN_KEY_CHECKS = 1;
